,gs_uri,label
0,image_512_mel.jpeg,Not same
1,image_2849_mel.jpeg,Not same
2,image_3222_mel.jpeg,Not same
3,image_915_mel.jpeg,Not same
4,image_1914_mel.jpeg,Not same
5,image_926_mel.jpeg,Not same
6,image_1518_mel.jpeg,Not same
7,image_273_mel.jpeg,Not same
8,image_1681_mel.jpeg,Not same
9,image_250_mel.jpeg,Not same
10,image_1006_mel.jpeg,Not same
11,image_129_mel.jpeg,Not same
12,image_1051_mel.jpeg,Not same
13,image_3238_mel.jpeg,Not same
14,image_1119_mel.jpeg,Not same
15,image_590_mel.jpeg,Not same
16,image_2245_mel.jpeg,Not same
17,image_1994_mel.jpeg,Not same
18,image_2913_mel.jpeg,Not same
19,image_787_mel.jpeg,Not same
20,image_1405_mel.jpeg,Not same
21,image_565_mel.jpeg,Not same
22,image_2885_mel.jpeg,Not same
23,image_558_mel.jpeg,Not same
24,image_3549_mel.jpeg,Not same
25,image_2786_mel.jpeg,Not same
26,image_379_mel.jpeg,Not same
27,image_739_mel.jpeg,Not same
28,image_1488_mel.jpeg,Not same
29,image_95_mel.jpeg,Not same
30,image_3508_mel.jpeg,Not same
31,image_2748_mel.jpeg,Not same
32,image_1961_mel.jpeg,Not same
33,image_679_mel.jpeg,Not same
34,image_2250_mel.jpeg,Not same
35,image_18_mel.jpeg,Not same
36,image_331_mel.jpeg,Not same
37,image_1917_mel.jpeg,Not same
38,image_3235_mel.jpeg,Not same
39,image_1144_mel.jpeg,Not same
40,image_1971_mel.jpeg,Not same
41,image_1383_mel.jpeg,Not same
42,image_2153_mel.jpeg,Not same
43,image_3478_mel.jpeg,Not same
44,image_66_mel.jpeg,Not same
45,image_794_mel.jpeg,Not same
46,image_2513_mel.jpeg,Not same
47,image_2088_mel.jpeg,Not same
48,image_1166_mel.jpeg,Not same
49,image_103_mel.jpeg,Not same
50,image_208_mel.jpeg,Not same
51,image_3355_mel.jpeg,Not same
52,image_881_mel.jpeg,Not same
53,image_2813_mel.jpeg,Not same
54,image_69_mel.jpeg,Not same
55,image_2293_mel.jpeg,Not same
56,image_1979_mel.jpeg,Not same
57,image_2035_mel.jpeg,Not same
58,image_942_mel.jpeg,Not same
59,image_1610_mel.jpeg,Not same
60,image_3437_mel.jpeg,Not same
61,image_1152_mel.jpeg,Not same
62,image_3259_mel.jpeg,Not same
63,image_495_mel.jpeg,Not same
64,image_3473_mel.jpeg,Not same
65,image_1374_mel.jpeg,Not same
66,image_37_mel.jpeg,Not same
67,image_1280_mel.jpeg,Not same
68,image_1781_mel.jpeg,Not same
69,image_896_mel.jpeg,Not same
70,image_2333_mel.jpeg,Not same
71,image_2312_mel.jpeg,Not same
72,image_2743_mel.jpeg,Not same
73,image_2038_mel.jpeg,Not same
74,image_3611_mel.jpeg,Not same
75,image_3225_mel.jpeg,Not same
76,image_2650_mel.jpeg,Not same
77,image_1742_mel.jpeg,Not same
78,image_1171_mel.jpeg,Not same
79,image_3135_mel.jpeg,Not same
80,image_855_mel.jpeg,Not same
81,image_3017_mel.jpeg,Not same
82,image_2994_mel.jpeg,Not same
83,image_2452_mel.jpeg,Not same
84,image_2538_mel.jpeg,Not same
85,image_3582_mel.jpeg,Not same
86,image_2249_mel.jpeg,Not same
87,image_1137_mel.jpeg,Not same
88,image_1341_mel.jpeg,Not same
89,image_3016_mel.jpeg,Not same
90,image_1020_mel.jpeg,Not same
91,image_1693_mel.jpeg,Not same
92,image_867_mel.jpeg,Not same
93,image_3403_mel.jpeg,Not same
94,image_214_mel.jpeg,Not same
95,image_2002_mel.jpeg,Not same
96,image_781_mel.jpeg,Not same
97,image_2012_mel.jpeg,Not same
98,image_3221_mel.jpeg,Not same
99,image_2996_mel.jpeg,Not same
100,image_3165_mel.jpeg,Not same
101,image_3009_mel.jpeg,Not same
102,image_2323_mel.jpeg,Not same
103,image_720_mel.jpeg,Not same
104,image_1986_mel.jpeg,Not same
105,image_1622_mel.jpeg,Not same
106,image_1375_mel.jpeg,Not same
107,image_1214_mel.jpeg,Not same
108,image_3138_mel.jpeg,Not same
109,image_1873_mel.jpeg,Not same
110,image_940_mel.jpeg,Not same
111,image_1808_mel.jpeg,Not same
112,image_870_mel.jpeg,Not same
113,image_605_mel.jpeg,Not same
114,image_507_mel.jpeg,Not same
115,image_1099_mel.jpeg,Not same
116,image_1881_mel.jpeg,Not same
117,image_3453_mel.jpeg,Not same
118,image_1494_mel.jpeg,Not same
119,image_860_mel.jpeg,Not same
120,image_3272_mel.jpeg,Not same
121,image_1824_mel.jpeg,Not same
122,image_1804_mel.jpeg,Not same
123,image_1048_mel.jpeg,Not same
124,image_172_mel.jpeg,Not same
125,image_1235_mel.jpeg,Not same
126,image_2063_mel.jpeg,Not same
127,image_1178_mel.jpeg,Not same
128,image_581_mel.jpeg,Not same
129,image_3051_mel.jpeg,Not same
130,image_1617_mel.jpeg,Not same
131,image_1473_mel.jpeg,Not same
132,image_453_mel.jpeg,Not same
133,image_725_mel.jpeg,Not same
134,image_3390_mel.jpeg,Not same
135,image_1263_mel.jpeg,Not same
136,image_489_mel.jpeg,Not same
137,image_869_mel.jpeg,Not same
138,image_447_mel.jpeg,Not same
139,image_1838_mel.jpeg,Not same
140,image_3510_mel.jpeg,Not same
141,image_564_mel.jpeg,Not same
142,image_3211_mel.jpeg,Not same
143,image_938_mel.jpeg,Not same
144,image_1916_mel.jpeg,Not same
145,image_1618_mel.jpeg,Not same
146,image_846_mel.jpeg,Not same
147,image_2845_mel.jpeg,Not same
148,image_2123_mel.jpeg,Not same
149,image_2343_mel.jpeg,Not same
150,image_1721_mel.jpeg,Not same
151,image_2604_mel.jpeg,Not same
152,image_2189_mel.jpeg,Not same
153,image_186_mel.jpeg,Not same
154,image_2316_mel.jpeg,Not same
155,image_1550_mel.jpeg,Not same
156,image_1208_mel.jpeg,Not same
157,image_2319_mel.jpeg,Not same
158,image_1902_mel.jpeg,Not same
159,image_670_mel.jpeg,Not same
160,image_1895_mel.jpeg,Not same
161,image_1421_mel.jpeg,Not same
162,image_3563_mel.jpeg,Not same
163,image_3674_mel.jpeg,Not same
164,image_1943_mel.jpeg,Not same
165,image_1809_mel.jpeg,Not same
166,image_3031_mel.jpeg,Not same
167,image_856_mel.jpeg,Not same
168,image_398_mel.jpeg,Not same
169,image_2684_mel.jpeg,Not same
170,image_3118_mel.jpeg,Not same
171,image_917_mel.jpeg,Not same
172,image_654_mel.jpeg,Not same
173,image_2226_mel.jpeg,Not same
174,image_861_mel.jpeg,Not same
175,image_522_mel.jpeg,Not same
176,image_1387_mel.jpeg,Not same
177,image_766_mel.jpeg,Not same
178,image_2292_mel.jpeg,Not same
179,image_204_mel.jpeg,Not same
180,image_2064_mel.jpeg,Not same
181,image_3623_mel.jpeg,Not same
182,image_1987_mel.jpeg,Not same
183,image_1658_mel.jpeg,Not same
184,image_1291_mel.jpeg,Not same
185,image_2294_mel.jpeg,Not same
186,image_3179_mel.jpeg,Not same
187,image_1448_mel.jpeg,Not same
188,image_220_mel.jpeg,Not same
189,image_2740_mel.jpeg,Not same
190,image_1326_mel.jpeg,Not same
191,image_255_mel.jpeg,Not same
192,image_1683_mel.jpeg,Not same
193,image_1395_mel.jpeg,Not same
194,image_1894_mel.jpeg,Not same
195,image_2407_mel.jpeg,Not same
196,image_1419_mel.jpeg,Not same
197,image_832_mel.jpeg,Not same
198,image_159_mel.jpeg,Not same
199,image_111_mel.jpeg,Not same
200,image_1335_mel.jpeg,Not same
201,image_3436_mel.jpeg,Not same
202,image_3291_mel.jpeg,Not same
203,image_2263_mel.jpeg,Not same
204,image_1937_mel.jpeg,Not same
205,image_2599_mel.jpeg,Not same
206,image_3467_mel.jpeg,Not same
207,image_2174_mel.jpeg,Not same
208,image_377_mel.jpeg,Not same
209,image_60_mel.jpeg,Not same
210,image_102_mel.jpeg,Not same
211,image_3212_mel.jpeg,Not same
212,image_3489_mel.jpeg,Not same
213,image_1343_mel.jpeg,Not same
214,image_3530_mel.jpeg,Not same
215,image_2330_mel.jpeg,Not same
216,image_3215_mel.jpeg,Not same
217,image_1636_mel.jpeg,Not same
218,image_464_mel.jpeg,Not same
219,image_796_mel.jpeg,Not same
220,image_2577_mel.jpeg,Not same
221,image_3553_mel.jpeg,Not same
222,image_3386_mel.jpeg,Not same
223,image_324_mel.jpeg,Not same
224,image_680_mel.jpeg,Not same
225,image_735_mel.jpeg,Not same
226,image_3639_mel.jpeg,Not same
227,image_570_mel.jpeg,Not same
228,image_1196_mel.jpeg,Not same
229,image_432_mel.jpeg,Not same
230,image_394_mel.jpeg,Not same
231,image_212_mel.jpeg,Not same
232,image_509_mel.jpeg,Not same
233,image_1332_mel.jpeg,Not same
234,image_3424_mel.jpeg,Not same
235,image_3188_mel.jpeg,Not same
236,image_465_mel.jpeg,Not same
237,image_3257_mel.jpeg,Not same
238,image_3418_mel.jpeg,Not same
239,image_1429_mel.jpeg,Not same
240,image_2982_mel.jpeg,Not same
241,image_55_mel.jpeg,Not same
242,image_2413_mel.jpeg,Not same
243,image_294_mel.jpeg,Not same
244,image_1482_mel.jpeg,Not same
245,image_10_mel.jpeg,Not same
246,image_1533_mel.jpeg,Not same
247,image_3208_mel.jpeg,Not same
248,image_1311_mel.jpeg,Not same
249,image_808_mel.jpeg,Not same
250,image_544_mel.jpeg,Not same
251,image_3295_mel.jpeg,Not same
252,image_3349_mel.jpeg,Not same
253,image_3054_mel.jpeg,Not same
254,image_789_mel.jpeg,Not same
255,image_2017_mel.jpeg,Not same
256,image_2854_mel.jpeg,Not same
257,image_2098_mel.jpeg,Not same
258,image_2483_mel.jpeg,Not same
259,image_1579_mel.jpeg,Not same
260,image_1148_mel.jpeg,Not same
261,image_3156_mel.jpeg,Not same
262,image_1732_mel.jpeg,Not same
263,image_2927_mel.jpeg,Not same
264,image_586_mel.jpeg,Not same
265,image_2899_mel.jpeg,Not same
266,image_2052_mel.jpeg,Not same
267,image_3543_mel.jpeg,Not same
268,image_1783_mel.jpeg,Not same
269,image_2009_mel.jpeg,Not same
270,image_373_mel.jpeg,Not same
271,image_1888_mel.jpeg,Not same
272,image_5_mel.jpeg,Not same
273,image_1014_mel.jpeg,Not same
274,image_3375_mel.jpeg,Not same
275,image_2659_mel.jpeg,Not same
276,image_1394_mel.jpeg,Not same
277,image_71_mel.jpeg,Not same
278,image_1438_mel.jpeg,Not same
279,image_2313_mel.jpeg,Not same
280,image_81_mel.jpeg,Not same
281,image_3610_mel.jpeg,Not same
282,image_2287_mel.jpeg,Not same
283,image_215_mel.jpeg,Not same
284,image_3537_mel.jpeg,Not same
285,image_3589_mel.jpeg,Not same
286,image_2135_mel.jpeg,Not same
287,image_784_mel.jpeg,Not same
288,image_1481_mel.jpeg,Not same
289,image_895_mel.jpeg,Not same
290,image_2182_mel.jpeg,Not same
291,image_1463_mel.jpeg,Not same
292,image_629_mel.jpeg,Not same
293,image_2318_mel.jpeg,Not same
294,image_400_mel.jpeg,Not same
295,image_3026_mel.jpeg,Not same
296,image_1634_mel.jpeg,Not same
297,image_2062_mel.jpeg,Not same
298,image_3684_mel.jpeg,Not same
299,image_1623_mel.jpeg,Not same
300,image_2967_mel.jpeg,Not same
301,image_332_mel.jpeg,Not same
302,image_484_mel.jpeg,Not same
303,image_2011_mel.jpeg,Not same
304,image_2524_mel.jpeg,Not same
305,image_2729_mel.jpeg,Not same
306,image_2392_mel.jpeg,Not same
307,image_1307_mel.jpeg,Not same
308,image_1616_mel.jpeg,Not same
309,image_3429_mel.jpeg,Not same
310,image_1562_mel.jpeg,Not same
311,image_2962_mel.jpeg,Not same
312,image_155_mel.jpeg,Not same
313,image_2173_mel.jpeg,Not same
314,image_3275_mel.jpeg,Not same
315,image_3149_mel.jpeg,Not same
316,image_2029_mel.jpeg,Not same
317,image_256_mel.jpeg,Not same
318,image_1464_mel.jpeg,Not same
319,image_2906_mel.jpeg,Not same
320,image_3027_mel.jpeg,Not same
321,image_2363_mel.jpeg,Not same
322,image_539_mel.jpeg,Not same
323,image_136_mel.jpeg,Not same
324,image_1138_mel.jpeg,Not same
325,image_3319_mel.jpeg,Not same
326,image_3321_mel.jpeg,Not same
327,image_2816_mel.jpeg,Not same
328,image_880_mel.jpeg,Not same
329,image_388_mel.jpeg,Not same
330,image_651_mel.jpeg,Not same
331,image_3383_mel.jpeg,Not same
332,image_1458_mel.jpeg,Not same
333,image_2466_mel.jpeg,Not same
334,image_971_mel.jpeg,Not same
335,image_1764_mel.jpeg,Not same
336,image_286_mel.jpeg,Not same
337,image_734_mel.jpeg,Not same
338,image_2502_mel.jpeg,Not same
339,image_694_mel.jpeg,Not same
340,image_370_mel.jpeg,Not same
341,image_3104_mel.jpeg,Not same
342,image_1288_mel.jpeg,Not same
343,image_147_mel.jpeg,Not same
344,image_1351_mel.jpeg,Not same
345,image_664_mel.jpeg,Not same
346,image_1194_mel.jpeg,Not same
347,image_1871_mel.jpeg,Not same
348,image_2134_mel.jpeg,Not same
349,image_1337_mel.jpeg,Not same
350,image_3167_mel.jpeg,Not same
351,image_2472_mel.jpeg,Not same
352,image_2499_mel.jpeg,Not same
353,image_3068_mel.jpeg,Not same
354,image_831_mel.jpeg,Not same
355,image_595_mel.jpeg,Not same
356,image_362_mel.jpeg,Not same
357,image_3458_mel.jpeg,Not same
358,image_3469_mel.jpeg,Not same
359,image_397_mel.jpeg,Not same
360,image_1923_mel.jpeg,Not same
361,image_3148_mel.jpeg,Not same
362,image_2521_mel.jpeg,Not same
363,image_3274_mel.jpeg,Not same
364,image_863_mel.jpeg,Not same
365,image_3519_mel.jpeg,Not same
366,image_1766_mel.jpeg,Not same
367,image_2279_mel.jpeg,Not same
368,image_1889_mel.jpeg,Not same
369,image_416_mel.jpeg,Not same
370,image_2625_mel.jpeg,Not same
371,image_910_mel.jpeg,Not same
372,image_695_mel.jpeg,Not same
373,image_123_mel.jpeg,Not same
374,image_754_mel.jpeg,Not same
375,image_943_mel.jpeg,Not same
376,image_3266_mel.jpeg,Not same
377,image_1336_mel.jpeg,Not same
378,image_1909_mel.jpeg,Not same
379,image_2998_mel.jpeg,Not same
380,image_2642_mel.jpeg,Not same
381,image_3653_mel.jpeg,Not same
382,image_275_mel.jpeg,Not same
383,image_1098_mel.jpeg,Not same
384,image_2086_mel.jpeg,Not same
385,image_137_mel.jpeg,Not same
386,image_2601_mel.jpeg,Not same
387,image_2831_mel.jpeg,Not same
388,image_2825_mel.jpeg,Not same
389,image_526_mel.jpeg,Not same
390,image_1324_mel.jpeg,Not same
391,image_2431_mel.jpeg,Not same
392,image_3216_mel.jpeg,Not same
393,image_1030_mel.jpeg,Not same
394,image_2873_mel.jpeg,Not same
395,image_2798_mel.jpeg,Not same
396,image_1813_mel.jpeg,Not same
397,image_1449_mel.jpeg,Not same
398,image_1086_mel.jpeg,Not same
399,image_3345_mel.jpeg,Not same
400,image_1778_mel.jpeg,Not same
401,image_354_mel.jpeg,Not same
402,image_2455_mel.jpeg,Not same
403,image_3213_mel.jpeg,Not same
404,image_2964_mel.jpeg,Not same
405,image_3067_mel.jpeg,Not same
406,image_675_mel.jpeg,Not same
407,image_3642_mel.jpeg,Not same
408,image_2296_mel.jpeg,Not same
409,image_2077_mel.jpeg,Not same
410,image_1095_mel.jpeg,Not same
411,image_3604_mel.jpeg,Not same
412,image_2156_mel.jpeg,Not same
413,image_2953_mel.jpeg,Not same
414,image_627_mel.jpeg,Not same
415,image_660_mel.jpeg,Not same
416,image_2861_mel.jpeg,Not same
417,image_523_mel.jpeg,Not same
418,image_3558_mel.jpeg,Not same
419,image_194_mel.jpeg,Not same
420,image_2712_mel.jpeg,Not same
421,image_3590_mel.jpeg,Not same
422,image_2522_mel.jpeg,Not same
423,image_492_mel.jpeg,Not same
424,image_765_mel.jpeg,Not same
425,image_1234_mel.jpeg,Not same
426,image_568_mel.jpeg,Not same
427,image_2359_mel.jpeg,Not same
428,image_3309_mel.jpeg,Not same
429,image_2588_mel.jpeg,Not same
430,image_325_mel.jpeg,Not same
431,image_2199_mel.jpeg,Not same
432,image_2220_mel.jpeg,Not same
433,image_1453_mel.jpeg,Not same
434,image_3214_mel.jpeg,Not same
435,image_2087_mel.jpeg,Not same
436,image_1711_mel.jpeg,Not same
437,image_1290_mel.jpeg,Not same
438,image_56_mel.jpeg,Not same
439,image_3075_mel.jpeg,Not same
440,image_2640_mel.jpeg,Not same
441,image_1044_mel.jpeg,Not same
442,image_597_mel.jpeg,Not same
443,image_2201_mel.jpeg,Not same
444,image_3217_mel.jpeg,Not same
445,image_2586_mel.jpeg,Not same
446,image_497_mel.jpeg,Not same
447,image_2973_mel.jpeg,Not same
448,image_2864_mel.jpeg,Not same
449,image_1423_mel.jpeg,Not same
450,image_1003_mel.jpeg,Not same
451,image_1380_mel.jpeg,Not same
452,image_3511_mel.jpeg,Not same
453,image_2309_mel.jpeg,Not same
454,image_2948_mel.jpeg,Not same
455,image_1794_mel.jpeg,Not same
456,image_1855_mel.jpeg,Not same
457,image_3539_mel.jpeg,Not same
458,image_800_mel.jpeg,Not same
459,image_575_mel.jpeg,Not same
460,image_3603_mel.jpeg,Not same
461,image_2696_mel.jpeg,Not same
462,image_2280_mel.jpeg,Not same
463,image_3246_mel.jpeg,Not same
464,image_2033_mel.jpeg,Not same
465,image_2589_mel.jpeg,Not same
466,image_571_mel.jpeg,Not same
467,image_612_mel.jpeg,Not same
468,image_2364_mel.jpeg,Not same
469,image_3182_mel.jpeg,Not same
470,image_3365_mel.jpeg,Not same
471,image_922_mel.jpeg,Not same
472,image_717_mel.jpeg,Not same
473,image_2731_mel.jpeg,Not same
474,image_1087_mel.jpeg,Not same
475,image_434_mel.jpeg,Not same
476,image_2078_mel.jpeg,Not same
477,image_1751_mel.jpeg,Not same
478,image_1072_mel.jpeg,Not same
479,image_2484_mel.jpeg,Not same
480,image_109_mel.jpeg,Not same
481,image_2206_mel.jpeg,Not same
482,image_2510_mel.jpeg,Not same
483,image_920_mel.jpeg,Not same
484,image_2118_mel.jpeg,Not same
485,image_3646_mel.jpeg,Not same
486,image_446_mel.jpeg,Not same
487,image_962_mel.jpeg,Not same
488,image_1841_mel.jpeg,Not same
489,image_1905_mel.jpeg,Not same
490,image_2230_mel.jpeg,Not same
491,image_1170_mel.jpeg,Not same
492,image_688_mel.jpeg,Not same
493,image_1168_mel.jpeg,Not same
494,image_652_mel.jpeg,Not same
495,image_3230_mel.jpeg,Not same
496,image_356_mel.jpeg,Not same
497,image_2688_mel.jpeg,Not same
498,image_580_mel.jpeg,Not same
499,image_395_mel.jpeg,Not same
500,image_3317_mel.jpeg,Not same
501,image_2945_mel.jpeg,Not same
502,image_2985_mel.jpeg,Not same
503,image_3416_mel.jpeg,Not same
504,image_2722_mel.jpeg,Not same
505,image_3034_mel.jpeg,Not same
506,image_1294_mel.jpeg,Not same
507,image_2116_mel.jpeg,Not same
508,image_993_mel.jpeg,Not same
509,image_3072_mel.jpeg,Not same
510,image_2628_mel.jpeg,Not same
511,image_1843_mel.jpeg,Not same
512,image_153_mel.jpeg,Not same
513,image_1819_mel.jpeg,Not same
514,image_1832_mel.jpeg,Not same
515,image_2154_mel.jpeg,Not same
516,image_771_mel.jpeg,Not same
517,image_249_mel.jpeg,Not same
518,image_1934_mel.jpeg,Not same
519,image_336_mel.jpeg,Not same
520,image_346_mel.jpeg,Not same
521,image_1278_mel.jpeg,Not same
522,image_2217_mel.jpeg,Not same
523,image_2801_mel.jpeg,Not same
524,image_2693_mel.jpeg,Not same
525,image_3117_mel.jpeg,Not same
526,image_1015_mel.jpeg,Not same
527,image_2787_mel.jpeg,Not same
528,image_545_mel.jpeg,Not same
529,image_859_mel.jpeg,Not same
530,image_1120_mel.jpeg,Not same
531,image_187_mel.jpeg,Not same
532,image_3045_mel.jpeg,Not same
533,image_868_mel.jpeg,Not same
534,image_3315_mel.jpeg,Not same
535,image_456_mel.jpeg,Not same
536,image_1397_mel.jpeg,Not same
537,image_1388_mel.jpeg,Not same
538,image_2177_mel.jpeg,Not same
539,image_2754_mel.jpeg,Not same
540,image_851_mel.jpeg,Not same
541,image_538_mel.jpeg,Not same
542,image_3601_mel.jpeg,Not same
543,image_1237_mel.jpeg,Not same
544,image_2606_mel.jpeg,Not same
545,image_2802_mel.jpeg,Not same
546,image_999_mel.jpeg,Not same
547,image_3677_mel.jpeg,Not same
548,image_1339_mel.jpeg,Not same
549,image_2006_mel.jpeg,Not same
550,image_177_mel.jpeg,Not same
551,image_3613_mel.jpeg,Not same
552,image_169_mel.jpeg,Not same
553,image_372_mel.jpeg,Not same
554,image_101_mel.jpeg,Not same
555,image_1759_mel.jpeg,Not same
556,image_427_mel.jpeg,Not same
557,image_1218_mel.jpeg,Not same
558,image_12_mel.jpeg,Not same
559,image_3127_mel.jpeg,Not same
560,image_596_mel.jpeg,Not same
561,image_2888_mel.jpeg,Not same
562,image_152_mel.jpeg,Not same
563,image_3660_mel.jpeg,Not same
564,image_488_mel.jpeg,Not same
565,image_2669_mel.jpeg,Not same
566,image_3562_mel.jpeg,Not same
567,image_1289_mel.jpeg,Not same
568,image_673_mel.jpeg,Not same
569,image_1253_mel.jpeg,Not same
570,image_877_mel.jpeg,Not same
571,image_1977_mel.jpeg,Not same
572,image_72_mel.jpeg,Not same
573,image_3497_mel.jpeg,Not same
574,image_3532_mel.jpeg,Not same
575,image_2128_mel.jpeg,Not same
576,image_2512_mel.jpeg,Not same
577,image_534_mel.jpeg,Not same
578,image_3029_mel.jpeg,Not same
579,image_775_mel.jpeg,Not same
580,image_1887_mel.jpeg,Not same
581,image_3346_mel.jpeg,Not same
582,image_1544_mel.jpeg,Not same
583,image_2345_mel.jpeg,Not same
584,image_1505_mel.jpeg,Not same
585,image_1769_mel.jpeg,Not same
586,image_2380_mel.jpeg,Not same
587,image_381_mel.jpeg,Not same
588,image_490_mel.jpeg,Not same
589,image_1489_mel.jpeg,Not same
590,image_622_mel.jpeg,Not same
591,image_1603_mel.jpeg,Not same
592,image_1826_mel.jpeg,Not same
593,image_919_mel.jpeg,Not same
594,image_3461_mel.jpeg,Not same
595,image_891_mel.jpeg,Not same
596,image_1845_mel.jpeg,Not same
597,image_3591_mel.jpeg,Not same
598,image_2937_mel.jpeg,Not same
599,image_2613_mel.jpeg,Not same
600,image_1547_mel.jpeg,Not same
601,image_824_mel.jpeg,Not same
602,image_718_mel.jpeg,Not same
603,image_1713_mel.jpeg,Not same
604,image_289_mel.jpeg,Not same
605,image_1842_mel.jpeg,Not same
606,image_3658_mel.jpeg,Not same
607,image_3578_mel.jpeg,Not same
608,image_2032_mel.jpeg,Not same
609,image_1867_mel.jpeg,Not same
610,image_504_mel.jpeg,Not same
611,image_1342_mel.jpeg,Not same
612,image_3279_mel.jpeg,Not same
613,image_3129_mel.jpeg,Not same
614,image_209_mel.jpeg,Not same
615,image_2835_mel.jpeg,Not same
616,image_2200_mel.jpeg,Not same
617,image_1013_mel.jpeg,Not same
618,image_1988_mel.jpeg,Not same
619,image_3662_mel.jpeg,Not same
620,image_1287_mel.jpeg,Not same
621,image_3521_mel.jpeg,Not same
622,image_2847_mel.jpeg,Not same
623,image_1000_mel.jpeg,Not same
624,image_183_mel.jpeg,Not same
625,image_2376_mel.jpeg,Not same
626,image_265_mel.jpeg,Not same
627,image_3085_mel.jpeg,Not same
628,image_2718_mel.jpeg,Not same
629,image_2826_mel.jpeg,Not same
630,image_1598_mel.jpeg,Not same
631,image_1725_mel.jpeg,Not same
632,image_953_mel.jpeg,Not same
633,image_3163_mel.jpeg,Not same
634,image_665_mel.jpeg,Not same
635,image_997_mel.jpeg,Not same
636,image_561_mel.jpeg,Not same
637,image_467_mel.jpeg,Not same
638,image_2388_mel.jpeg,Not same
639,image_785_mel.jpeg,Not same
640,image_2480_mel.jpeg,Not same
641,image_619_mel.jpeg,Not same
642,image_3287_mel.jpeg,Not same
643,image_1317_mel.jpeg,Not same
644,image_2879_mel.jpeg,Not same
645,image_2884_mel.jpeg,Not same
646,image_3361_mel.jpeg,Not same
647,image_2747_mel.jpeg,Not same
648,image_21_mel.jpeg,Not same
649,image_907_mel.jpeg,Not same
650,image_1243_mel.jpeg,Not same
651,image_899_mel.jpeg,Not same
652,image_904_mel.jpeg,Not same
653,image_1925_mel.jpeg,Not same
654,image_979_mel.jpeg,Not same
655,image_2842_mel.jpeg,Not same
656,image_2028_mel.jpeg,Not same
657,image_3248_mel.jpeg,Not same
658,image_3205_mel.jpeg,Not same
659,image_902_mel.jpeg,Not same
660,image_2395_mel.jpeg,Not same
661,image_1498_mel.jpeg,Not same
662,image_2519_mel.jpeg,Not same
663,image_2679_mel.jpeg,Not same
664,image_1367_mel.jpeg,Not same
665,image_635_mel.jpeg,Not same
666,image_723_mel.jpeg,Not same
667,image_203_mel.jpeg,Not same
668,image_1657_mel.jpeg,Not same
669,image_2100_mel.jpeg,Not same
670,image_1112_mel.jpeg,Not same
671,image_2863_mel.jpeg,Not same
672,image_1632_mel.jpeg,Not same
673,image_540_mel.jpeg,Not same
674,image_3190_mel.jpeg,Not same
675,image_672_mel.jpeg,Not same
676,image_1696_mel.jpeg,Not same
677,image_2836_mel.jpeg,Not same
678,image_2957_mel.jpeg,Not same
679,image_1377_mel.jpeg,Not same
680,image_1953_mel.jpeg,Not same
681,image_810_mel.jpeg,Not same
682,image_2232_mel.jpeg,Not same
683,image_2772_mel.jpeg,Not same
684,image_1366_mel.jpeg,Not same
685,image_1980_mel.jpeg,Not same
686,image_2758_mel.jpeg,Not same
687,image_850_mel.jpeg,Not same
688,image_114_mel.jpeg,Not same
689,image_510_mel.jpeg,Not same
690,image_989_mel.jpeg,Not same
691,image_86_mel.jpeg,Not same
692,image_2340_mel.jpeg,Not same
693,image_700_mel.jpeg,Not same
694,image_2978_mel.jpeg,Not same
695,image_3384_mel.jpeg,Not same
696,image_2274_mel.jpeg,Not same
697,image_3307_mel.jpeg,Not same
698,image_1232_mel.jpeg,Not same
699,image_2205_mel.jpeg,Not same
700,image_2393_mel.jpeg,Not same
701,image_9_mel.jpeg,Not same
702,image_2874_mel.jpeg,Not same
703,image_3432_mel.jpeg,Not same
704,image_2745_mel.jpeg,Not same
705,image_1510_mel.jpeg,Not same
706,image_1717_mel.jpeg,Not same
707,image_2970_mel.jpeg,Not same
708,image_1506_mel.jpeg,Not same
709,image_2180_mel.jpeg,Not same
710,image_3059_mel.jpeg,Not same
711,image_385_mel.jpeg,Not same
712,image_2271_mel.jpeg,Not same
713,image_3120_mel.jpeg,Not same
714,image_1574_mel.jpeg,Not same
715,image_1183_mel.jpeg,Not same
716,image_162_mel.jpeg,Not same
717,image_1122_mel.jpeg,Not same
718,image_2320_mel.jpeg,Not same
719,image_1560_mel.jpeg,Not same
720,image_3229_mel.jpeg,Not same
721,image_2331_mel.jpeg,Not same
722,image_2703_mel.jpeg,Not same
723,image_3509_mel.jpeg,Not same
724,image_420_mel.jpeg,Not same
725,image_662_mel.jpeg,Not same
726,image_1125_mel.jpeg,Not same
727,image_1239_mel.jpeg,Not same
728,image_3533_mel.jpeg,Not same
729,image_1897_mel.jpeg,Not same
730,image_1109_mel.jpeg,Not same
731,image_252_mel.jpeg,Not same
732,image_793_mel.jpeg,Not same
733,image_624_mel.jpeg,Not same
734,image_285_mel.jpeg,Not same
735,image_1042_mel.jpeg,Not same
736,image_1669_mel.jpeg,Not same
737,image_736_mel.jpeg,Not same
738,image_3123_mel.jpeg,Not same
739,image_2105_mel.jpeg,Not same
740,image_1520_mel.jpeg,Not same
741,image_2545_mel.jpeg,Not same
742,image_2989_mel.jpeg,Not same
743,image_2442_mel.jpeg,Not same
744,image_1127_mel.jpeg,Not same
745,image_2055_mel.jpeg,Not same
746,image_217_mel.jpeg,Not same
747,image_2734_mel.jpeg,Not same
748,image_2635_mel.jpeg,Not same
749,image_3011_mel.jpeg,Not same
750,image_611_mel.jpeg,Not same
751,image_756_mel.jpeg,Not same
752,image_3155_mel.jpeg,Not same
753,image_3140_mel.jpeg,Not same
754,image_376_mel.jpeg,Not same
755,image_1974_mel.jpeg,Not same
756,image_2356_mel.jpeg,Not same
757,image_2409_mel.jpeg,Not same
758,image_1433_mel.jpeg,Not same
759,image_2082_mel.jpeg,Not same
760,image_2021_mel.jpeg,Not same
761,image_1839_mel.jpeg,Not same
762,image_2253_mel.jpeg,Not same
763,image_1586_mel.jpeg,Not same
764,image_2759_mel.jpeg,Not same
765,image_182_mel.jpeg,Not same
766,image_1425_mel.jpeg,Not same
767,image_68_mel.jpeg,Not same
768,image_1930_mel.jpeg,Not same
769,image_414_mel.jpeg,Not same
770,image_350_mel.jpeg,Not same
771,image_1040_mel.jpeg,Not same
772,image_1254_mel.jpeg,Not same
773,image_197_mel.jpeg,Not same
774,image_852_mel.jpeg,Not same
775,image_2045_mel.jpeg,Not same
776,image_222_mel.jpeg,Not same
777,image_3612_mel.jpeg,Not same
778,image_1774_mel.jpeg,Not same
779,image_1149_mel.jpeg,Not same
780,image_1830_mel.jpeg,Not same
781,image_2108_mel.jpeg,Not same
782,image_2436_mel.jpeg,Not same
783,image_1353_mel.jpeg,Not same
784,image_1227_mel.jpeg,Not same
785,image_1777_mel.jpeg,Not same
786,image_573_mel.jpeg,Not same
787,image_2059_mel.jpeg,Not same
788,image_1948_mel.jpeg,Not same
789,image_951_mel.jpeg,Not same
790,image_3625_mel.jpeg,Not same
791,image_2534_mel.jpeg,Not same
792,image_1539_mel.jpeg,Not same
793,image_2428_mel.jpeg,Not same
794,image_1913_mel.jpeg,Not same
795,image_454_mel.jpeg,Not same
796,image_1898_mel.jpeg,Not same
797,image_3228_mel.jpeg,Not same
798,image_2129_mel.jpeg,Not same
799,image_1773_mel.jpeg,Not same
800,image_1322_mel.jpeg,Not same
801,image_1240_mel.jpeg,Not same
802,image_3044_mel.jpeg,Not same
803,image_968_mel.jpeg,Not same
804,image_1823_mel.jpeg,Not same
805,image_2127_mel.jpeg,Not same
806,image_3460_mel.jpeg,Not same
807,image_2501_mel.jpeg,Not same
808,image_2631_mel.jpeg,Not same
809,image_2126_mel.jpeg,Not same
810,image_966_mel.jpeg,Not same
811,image_245_mel.jpeg,Not same
812,image_3337_mel.jpeg,Not same
813,image_1358_mel.jpeg,Not same
814,image_2259_mel.jpeg,Not same
815,image_2195_mel.jpeg,Not same
816,image_601_mel.jpeg,Not same
817,image_2593_mel.jpeg,Not same
818,image_1920_mel.jpeg,Not same
819,image_225_mel.jpeg,Not same
820,image_1073_mel.jpeg,Not same
821,image_3411_mel.jpeg,Not same
822,image_128_mel.jpeg,Not same
823,image_2072_mel.jpeg,Not same
824,image_2254_mel.jpeg,Not same
825,image_115_mel.jpeg,Not same
826,image_3038_mel.jpeg,Not same
827,image_1293_mel.jpeg,Not same
828,image_518_mel.jpeg,Not same
829,image_11_mel.jpeg,Not same
830,image_76_mel.jpeg,Not same
831,image_318_mel.jpeg,Not same
832,image_2277_mel.jpeg,Not same
833,image_2875_mel.jpeg,Not same
834,image_698_mel.jpeg,Not same
835,image_1330_mel.jpeg,Not same
836,image_2214_mel.jpeg,Not same
837,image_2305_mel.jpeg,Not same
838,image_925_mel.jpeg,Not same
839,image_3276_mel.jpeg,Not same
840,image_3289_mel.jpeg,Not same
841,image_100_mel.jpeg,Not same
842,image_2503_mel.jpeg,Not same
843,image_3305_mel.jpeg,Not same
844,image_1466_mel.jpeg,Not same
845,image_3412_mel.jpeg,Not same
846,image_57_mel.jpeg,Not same
847,image_3483_mel.jpeg,Not same
848,image_737_mel.jpeg,Not same
849,image_193_mel.jpeg,Not same
850,image_589_mel.jpeg,Not same
851,image_3474_mel.jpeg,Not same
852,image_3661_mel.jpeg,Not same
853,image_1393_mel.jpeg,Not same
854,image_3116_mel.jpeg,Not same
855,image_43_mel.jpeg,Not same
856,image_2211_mel.jpeg,Not same
857,image_2870_mel.jpeg,Not same
858,image_1513_mel.jpeg,Not same
859,image_263_mel.jpeg,Not same
860,image_145_mel.jpeg,Not same
861,image_1962_mel.jpeg,Not same
862,image_2185_mel.jpeg,Not same
863,image_2048_mel.jpeg,Not same
864,image_2111_mel.jpeg,Not same
865,image_1991_mel.jpeg,Not same
866,image_168_mel.jpeg,Not same
867,image_1043_mel.jpeg,Not same
868,image_2862_mel.jpeg,Not same
869,image_2070_mel.jpeg,Not same
870,image_156_mel.jpeg,Not same
871,image_2121_mel.jpeg,Not same
872,image_3267_mel.jpeg,Not same
873,image_2257_mel.jpeg,Not same
874,image_283_mel.jpeg,Not same
875,image_3042_mel.jpeg,Not same
876,image_548_mel.jpeg,Not same
877,image_1350_mel.jpeg,Not same
878,image_330_mel.jpeg,Not same
879,image_835_mel.jpeg,Not same
880,image_3106_mel.jpeg,Not same
881,image_1798_mel.jpeg,Not same
882,image_2686_mel.jpeg,Not same
883,image_1659_mel.jpeg,Not same
884,image_3270_mel.jpeg,Not same
885,image_2886_mel.jpeg,Not same
886,image_345_mel.jpeg,Not same
887,image_623_mel.jpeg,Not same
888,image_511_mel.jpeg,Not same
889,image_357_mel.jpeg,Not same
890,image_2711_mel.jpeg,Not same
891,image_1019_mel.jpeg,Not same
892,image_2923_mel.jpeg,Not same
893,image_125_mel.jpeg,Not same
894,image_1910_mel.jpeg,Not same
895,image_1715_mel.jpeg,Not same
896,image_287_mel.jpeg,Not same
897,image_2900_mel.jpeg,Not same
898,image_1960_mel.jpeg,Not same
899,image_1793_mel.jpeg,Not same
900,image_834_mel.jpeg,Not same
901,image_364_mel.jpeg,Not same
902,image_792_mel.jpeg,Not same
903,image_3486_mel.jpeg,Not same
904,image_959_mel.jpeg,Not same
905,image_1705_mel.jpeg,Not same
906,image_2179_mel.jpeg,Not same
907,image_1995_mel.jpeg,Not same
908,image_470_mel.jpeg,Not same
909,image_1525_mel.jpeg,Not same
910,image_2073_mel.jpeg,Not same
911,image_296_mel.jpeg,Not same
912,image_1067_mel.jpeg,Not same
913,image_316_mel.jpeg,Not same
914,image_34_mel.jpeg,Not same
915,image_3340_mel.jpeg,Not same
916,image_631_mel.jpeg,Not same
917,image_302_mel.jpeg,Not same
918,image_2056_mel.jpeg,Not same
919,image_1998_mel.jpeg,Not same
920,image_1156_mel.jpeg,Not same
921,image_3091_mel.jpeg,Not same
922,image_1344_mel.jpeg,Not same
923,image_3039_mel.jpeg,Not same
924,image_106_mel.jpeg,Not same
925,image_684_mel.jpeg,Not same
926,image_1678_mel.jpeg,Not same
927,image_304_mel.jpeg,Not same
928,image_1267_mel.jpeg,Not same
929,image_1542_mel.jpeg,Not same
930,image_2244_mel.jpeg,Not same
931,image_31_mel.jpeg,Not same
932,image_893_mel.jpeg,Not same
933,image_1428_mel.jpeg,Not same
934,image_3302_mel.jpeg,Not same
935,image_1180_mel.jpeg,Not same
936,image_2568_mel.jpeg,Not same
937,image_1760_mel.jpeg,Not same
938,image_341_mel.jpeg,Not same
939,image_513_mel.jpeg,Not same
940,image_1534_mel.jpeg,Not same
941,image_981_mel.jpeg,Not same
942,image_3324_mel.jpeg,Not same
943,image_2641_mel.jpeg,Not same
944,image_1219_mel.jpeg,Not same
945,image_3010_mel.jpeg,Not same
946,image_3681_mel.jpeg,Not same
947,image_1779_mel.jpeg,Not same
948,image_1205_mel.jpeg,Not same
949,image_2595_mel.jpeg,Not same
950,image_3522_mel.jpeg,Not same
951,image_3614_mel.jpeg,Not same
952,image_2138_mel.jpeg,Not same
953,image_38_mel.jpeg,Not same
954,image_1691_mel.jpeg,Not same
955,image_2471_mel.jpeg,Not same
956,image_1951_mel.jpeg,Not same
957,image_1197_mel.jpeg,Not same
958,image_170_mel.jpeg,Not same
959,image_485_mel.jpeg,Not same
960,image_2912_mel.jpeg,Not same
961,image_759_mel.jpeg,Not same
962,image_3602_mel.jpeg,Not same
963,image_3507_mel.jpeg,Not same
964,image_873_mel.jpeg,Not same
965,image_1206_mel.jpeg,Not same
966,image_3385_mel.jpeg,Not same
967,image_3262_mel.jpeg,Not same
968,image_1439_mel.jpeg,Not same
969,image_15_mel.jpeg,Not same
970,image_1492_mel.jpeg,Not same
971,image_2917_mel.jpeg,Not same
972,image_2090_mel.jpeg,Not same
973,image_1231_mel.jpeg,Not same
974,image_857_mel.jpeg,Not same
975,image_1532_mel.jpeg,Not same
976,image_1034_mel.jpeg,Not same
977,image_2414_mel.jpeg,Not same
978,image_282_mel.jpeg,Not same
979,image_3376_mel.jpeg,Not same
980,image_2974_mel.jpeg,Not same
981,image_3313_mel.jpeg,Not same
982,image_2094_mel.jpeg,Not same
983,image_1942_mel.jpeg,Not same
984,image_480_mel.jpeg,Not same
985,image_3264_mel.jpeg,Not same
986,image_772_mel.jpeg,Not same
987,image_2426_mel.jpeg,Not same
988,image_947_mel.jpeg,Not same
989,image_3283_mel.jpeg,Not same
990,image_946_mel.jpeg,Not same
991,image_1741_mel.jpeg,Not same
992,image_3624_mel.jpeg,Not same
993,image_1465_mel.jpeg,Not same
994,image_2439_mel.jpeg,Not same
995,image_976_mel.jpeg,Not same
996,image_3374_mel.jpeg,Not same
997,image_2270_mel.jpeg,Not same
998,image_2115_mel.jpeg,Not same
999,image_3024_mel.jpeg,Not same
1000,image_1848_mel.jpeg,Not same
1001,image_116_mel.jpeg,Not same
1002,image_1391_mel.jpeg,Not same
1003,image_3352_mel.jpeg,Not same
1004,image_1738_mel.jpeg,Not same
1005,image_1726_mel.jpeg,Not same
1006,image_191_mel.jpeg,Not same
1007,image_2869_mel.jpeg,Not same
1008,image_3057_mel.jpeg,Not same
1009,image_2624_mel.jpeg,Not same
1010,image_547_mel.jpeg,Not same
1011,image_367_mel.jpeg,Not same
1012,image_449_mel.jpeg,Not same
1013,image_1486_mel.jpeg,Not same
1014,image_2931_mel.jpeg,Not same
1015,image_418_mel.jpeg,Not same
1016,image_967_mel.jpeg,Not same
1017,image_2085_mel.jpeg,Not same
1018,image_1133_mel.jpeg,Not same
1019,image_527_mel.jpeg,Not same
1020,image_198_mel.jpeg,Not same
1021,image_593_mel.jpeg,Not same
1022,image_3392_mel.jpeg,Not same
1023,image_353_mel.jpeg,Not same
1024,image_3206_mel.jpeg,Not same
1025,image_1457_mel.jpeg,Not same
1026,image_1018_mel.jpeg,Not same
1027,image_1497_mel.jpeg,Not same
1028,image_1477_mel.jpeg,Not same
1029,image_853_mel.jpeg,Not same
1030,image_3251_mel.jpeg,Not same
1031,image_1828_mel.jpeg,Not same
1032,image_2383_mel.jpeg,Not same
1033,image_1707_mel.jpeg,Not same
1034,image_1877_mel.jpeg,Not same
1035,image_1258_mel.jpeg,Not same
1036,image_2779_mel.jpeg,Not same
1037,image_1613_mel.jpeg,Not same
1038,image_2853_mel.jpeg,Not same
1039,image_335_mel.jpeg,Not same
1040,image_3344_mel.jpeg,Not same
1041,image_2233_mel.jpeg,Not same
1042,image_1803_mel.jpeg,Not same
1043,image_1689_mel.jpeg,Not same
1044,image_3181_mel.jpeg,Not same
1045,image_277_mel.jpeg,Not same
1046,image_3676_mel.jpeg,Not same
1047,image_351_mel.jpeg,Not same
1048,image_964_mel.jpeg,Not same
1049,image_1767_mel.jpeg,Not same
1050,image_1247_mel.jpeg,Not same
1051,image_181_mel.jpeg,Not same
1052,image_3649_mel.jpeg,Not same
1053,image_874_mel.jpeg,Not same
1054,image_2096_mel.jpeg,Not same
1055,image_572_mel.jpeg,Not same
1056,image_774_mel.jpeg,Not same
1057,image_3049_mel.jpeg,Not same
1058,image_535_mel.jpeg,Not same
1059,image_1747_mel.jpeg,Not same
1060,image_714_mel.jpeg,Not same
1061,image_1442_mel.jpeg,Not same
1062,image_3618_mel.jpeg,Not same
1063,image_1630_mel.jpeg,Not same
1064,image_22_mel.jpeg,Not same
1065,image_806_mel.jpeg,Not same
1066,image_1141_mel.jpeg,Not same
1067,image_1422_mel.jpeg,Not same
1068,image_253_mel.jpeg,Not same
1069,image_2903_mel.jpeg,Not same
1070,image_2942_mel.jpeg,Not same
1071,image_2921_mel.jpeg,Not same
1072,image_234_mel.jpeg,Not same
1073,image_1745_mel.jpeg,Not same
1074,image_887_mel.jpeg,Not same
1075,image_2278_mel.jpeg,Not same
1076,image_1165_mel.jpeg,Not same
1077,image_1139_mel.jpeg,Not same
1078,image_973_mel.jpeg,Not same
1079,image_3157_mel.jpeg,Not same
1080,image_2291_mel.jpeg,Not same
1081,image_615_mel.jpeg,Not same
1082,image_647_mel.jpeg,Not same
1083,image_3256_mel.jpeg,Not same
1084,image_1736_mel.jpeg,Not same
1085,image_3672_mel.jpeg,Not same
1086,image_1795_mel.jpeg,Not same
1087,image_48_mel.jpeg,Not same
1088,image_2399_mel.jpeg,Not same
1089,image_1424_mel.jpeg,Not same
1090,image_916_mel.jpeg,Not same
1091,image_515_mel.jpeg,Not same
1092,image_2636_mel.jpeg,Not same
1093,image_2297_mel.jpeg,Not same
1094,image_1181_mel.jpeg,Not same
1095,image_104_mel.jpeg,Not same
1096,image_307_mel.jpeg,Not same
1097,image_3547_mel.jpeg,Not same
1098,image_933_mel.jpeg,Not same
1099,image_790_mel.jpeg,Not same
1100,image_685_mel.jpeg,Not same
1101,image_1076_mel.jpeg,Not same
1102,image_378_mel.jpeg,Not same
1103,image_3004_mel.jpeg,Not same
1104,image_690_mel.jpeg,Not same
1105,image_2657_mel.jpeg,Not same
1106,image_3058_mel.jpeg,Not same
1107,image_2550_mel.jpeg,Not same
1108,image_401_mel.jpeg,Not same
1109,image_2710_mel.jpeg,Not same
1110,image_1556_mel.jpeg,Not same
1111,image_2990_mel.jpeg,Not same
1112,image_3645_mel.jpeg,Not same
1113,image_1635_mel.jpeg,Not same
1114,image_2667_mel.jpeg,Not same
1115,image_1203_mel.jpeg,Not same
1116,image_3046_mel.jpeg,Not same
1117,image_188_mel.jpeg,Not same
1118,image_107_mel.jpeg,Not same
1119,image_3234_mel.jpeg,Not same
1120,image_1874_mel.jpeg,Not same
1121,image_1625_mel.jpeg,Not same
1122,image_1420_mel.jpeg,Not same
1123,image_862_mel.jpeg,Not same
1124,image_890_mel.jpeg,Not same
1125,image_1145_mel.jpeg,Not same
1126,image_1983_mel.jpeg,Not same
1127,image_382_mel.jpeg,Not same
1128,image_716_mel.jpeg,Not same
1129,image_2924_mel.jpeg,Not same
1130,image_2374_mel.jpeg,Not same
1131,image_1274_mel.jpeg,Not same
1132,image_1123_mel.jpeg,Not same
1133,image_1712_mel.jpeg,Not same
1134,image_229_mel.jpeg,Not same
1135,image_3242_mel.jpeg,Not same
1136,image_3451_mel.jpeg,Not same
1137,image_2735_mel.jpeg,Not same
1138,image_411_mel.jpeg,Not same
1139,image_3425_mel.jpeg,Not same
1140,image_3008_mel.jpeg,Not same
1141,image_3197_mel.jpeg,Not same
1142,image_1858_mel.jpeg,Not same
1143,image_2529_mel.jpeg,Not same
1144,image_2459_mel.jpeg,Not same
1145,image_1639_mel.jpeg,Not same
1146,image_2192_mel.jpeg,Not same
1147,image_1286_mel.jpeg,Not same
1148,image_908_mel.jpeg,Not same
1149,image_696_mel.jpeg,Not same
1150,image_1246_mel.jpeg,Not same
1151,image_211_mel.jpeg,Not same
1152,image_228_mel.jpeg,Not same
1153,image_710_mel.jpeg,Not same
1154,image_1164_mel.jpeg,Not same
1155,image_2895_mel.jpeg,Not same
1156,image_3669_mel.jpeg,Not same
1157,image_3331_mel.jpeg,Not same
1158,image_2212_mel.jpeg,Not same
1159,image_3332_mel.jpeg,Not same
1160,image_2902_mel.jpeg,Not same
1161,image_1619_mel.jpeg,Not same
1162,image_1899_mel.jpeg,Not same
1163,image_2083_mel.jpeg,Not same
1164,image_2542_mel.jpeg,Not same
1165,image_1938_mel.jpeg,Not same
1166,image_1085_mel.jpeg,Not same
1167,image_2661_mel.jpeg,Not same
1168,image_3572_mel.jpeg,Not same
1169,image_2301_mel.jpeg,Not same
1170,image_2567_mel.jpeg,Not same
1171,image_986_mel.jpeg,Not same
1172,image_1818_mel.jpeg,Not same
1173,image_463_mel.jpeg,Not same
1174,image_2575_mel.jpeg,Not same
1175,image_602_mel.jpeg,Not same
1176,image_3655_mel.jpeg,Not same
1177,image_70_mel.jpeg,Not same
1178,image_1807_mel.jpeg,Not same
1179,image_508_mel.jpeg,Not same
1180,image_1524_mel.jpeg,Not same
1181,image_2605_mel.jpeg,Not same
1182,image_3570_mel.jpeg,Not same
1183,image_1313_mel.jpeg,Not same
1184,image_2440_mel.jpeg,Not same
1185,image_93_mel.jpeg,Not same
1186,image_3536_mel.jpeg,Not same
1187,image_574_mel.jpeg,Not same
1188,image_3130_mel.jpeg,Not same
1189,image_387_mel.jpeg,Not same
1190,image_2793_mel.jpeg,Not same
1191,image_481_mel.jpeg,Not same
1192,image_1155_mel.jpeg,Not same
1193,image_3314_mel.jpeg,Not same
1194,image_2627_mel.jpeg,Not same
1195,image_1720_mel.jpeg,Not same
1196,image_3659_mel.jpeg,Not same
1197,image_1461_mel.jpeg,Not same
1198,image_1594_mel.jpeg,Not same
1199,image_3119_mel.jpeg,Not same
1200,image_1058_mel.jpeg,Not same
1201,image_3526_mel.jpeg,Not same
1202,image_2317_mel.jpeg,Not same
1203,image_2008_mel.jpeg,Not same
1204,image_2644_mel.jpeg,Not same
1205,image_3013_mel.jpeg,Not same
1206,image_2911_mel.jpeg,Not same
1207,image_960_mel.jpeg,Not same
1208,image_879_mel.jpeg,Not same
1209,image_2321_mel.jpeg,Not same
1210,image_3224_mel.jpeg,Not same
1211,image_1264_mel.jpeg,Not same
1212,image_3366_mel.jpeg,Not same
1213,image_1199_mel.jpeg,Not same
1214,image_1695_mel.jpeg,Not same
1215,image_117_mel.jpeg,Not same
1216,image_854_mel.jpeg,Not same
1217,image_1154_mel.jpeg,Not same
1218,image_2790_mel.jpeg,Not same
1219,image_1709_mel.jpeg,Not same
1220,image_2241_mel.jpeg,Not same
1221,image_1261_mel.jpeg,Not same
1222,image_1620_mel.jpeg,Not same
1223,image_3598_mel.jpeg,Not same
1224,image_3174_mel.jpeg,Not same
1225,image_703_mel.jpeg,Not same
1226,image_898_mel.jpeg,Not same
1227,image_310_mel.jpeg,Not same
1228,image_2753_mel.jpeg,Not same
1229,image_226_mel.jpeg,Not same
1230,image_1236_mel.jpeg,Not same
1231,image_2614_mel.jpeg,Not same
1232,image_3226_mel.jpeg,Not same
1233,image_154_mel.jpeg,Not same
1234,image_1666_mel.jpeg,Not same
1235,image_1476_mel.jpeg,Not same
1236,image_1753_mel.jpeg,Not same
1237,image_1509_mel.jpeg,Not same
1238,image_2808_mel.jpeg,Not same
1239,image_2637_mel.jpeg,Not same
1240,image_1385_mel.jpeg,Not same
1241,image_1402_mel.jpeg,Not same
1242,image_3638_mel.jpeg,Not same
1243,image_2453_mel.jpeg,Not same
1244,image_2536_mel.jpeg,Not same
1245,image_1852_mel.jpeg,Not same
1246,image_3037_mel.jpeg,Not same
1247,image_2176_mel.jpeg,Not same
1248,image_437_mel.jpeg,Not same
1249,image_174_mel.jpeg,Not same
1250,image_2716_mel.jpeg,Not same
1251,image_2067_mel.jpeg,Not same
1252,image_1244_mel.jpeg,Not same
1253,image_30_mel.jpeg,Not same
1254,image_875_mel.jpeg,Not same
1255,image_1952_mel.jpeg,Not same
1256,image_1088_mel.jpeg,Not same
1257,image_1049_mel.jpeg,Not same
1258,image_3484_mel.jpeg,Not same
1259,image_2918_mel.jpeg,Not same
1260,image_62_mel.jpeg,Not same
1261,image_195_mel.jpeg,Not same
1262,image_2398_mel.jpeg,Not same
1263,image_2219_mel.jpeg,Not same
1264,image_2256_mel.jpeg,Not same
1265,image_582_mel.jpeg,Not same
1266,image_928_mel.jpeg,Not same
1267,image_2955_mel.jpeg,Not same
1268,image_2676_mel.jpeg,Not same
1269,image_2777_mel.jpeg,Not same
1270,image_3541_mel.jpeg,Not same
1271,image_248_mel.jpeg,Not same
1272,image_233_mel.jpeg,Not same
1273,image_3679_mel.jpeg,Not same
1274,image_2983_mel.jpeg,Not same
1275,image_3_mel.jpeg,Not same
1276,image_2202_mel.jpeg,Not same
1277,image_2114_mel.jpeg,Not same
1278,image_1796_mel.jpeg,Not same
1279,image_366_mel.jpeg,Not same
1280,image_983_mel.jpeg,Not same
1281,image_3048_mel.jpeg,Not same
1282,image_1851_mel.jpeg,Not same
1283,image_389_mel.jpeg,Not same
1284,image_1189_mel.jpeg,Not same
1285,image_2475_mel.jpeg,Not same
1286,image_218_mel.jpeg,Not same
1287,image_2652_mel.jpeg,Not same
1288,image_777_mel.jpeg,Not same
1289,image_2891_mel.jpeg,Not same
1290,image_1113_mel.jpeg,Not same
1291,image_3299_mel.jpeg,Not same
1292,image_2744_mel.jpeg,Not same
1293,image_998_mel.jpeg,Not same
1294,image_1373_mel.jpeg,Not same
1295,image_1116_mel.jpeg,Not same
1296,image_3204_mel.jpeg,Not same
1297,image_3207_mel.jpeg,Not same
1298,image_65_mel.jpeg,Not same
1299,image_1859_mel.jpeg,Not same
1300,image_829_mel.jpeg,Not same
1301,image_3093_mel.jpeg,Not same
1302,image_576_mel.jpeg,Not same
1303,image_3160_mel.jpeg,Not same
1304,image_192_mel.jpeg,Not same
1305,image_3490_mel.jpeg,Not same
1306,image_2042_mel.jpeg,Not same
1307,image_1418_mel.jpeg,Not same
1308,image_2391_mel.jpeg,Not same
1309,image_562_mel.jpeg,Not same
1310,image_2546_mel.jpeg,Not same
1311,image_1911_mel.jpeg,Not same
1312,image_1663_mel.jpeg,Not same
1313,image_1024_mel.jpeg,Not same
1314,image_2432_mel.jpeg,Not same
1315,image_1731_mel.jpeg,Not same
1316,image_2544_mel.jpeg,Not same
1317,image_1320_mel.jpeg,Not same
1318,image_3284_mel.jpeg,Not same
1319,image_2445_mel.jpeg,Not same
1320,image_1690_mel.jpeg,Not same
1321,image_2053_mel.jpeg,Not same
1322,image_2986_mel.jpeg,Not same
1323,image_59_mel.jpeg,Not same
1324,image_3162_mel.jpeg,Not same
1325,image_1414_mel.jpeg,Not same
1326,image_3351_mel.jpeg,Not same
1327,image_2728_mel.jpeg,Not same
1328,image_2187_mel.jpeg,Not same
1329,image_315_mel.jpeg,Not same
1330,image_1844_mel.jpeg,Not same
1331,image_2433_mel.jpeg,Not same
1332,image_1037_mel.jpeg,Not same
1333,image_406_mel.jpeg,Not same
1334,image_3631_mel.jpeg,Not same
1335,image_3304_mel.jpeg,Not same
1336,image_2852_mel.jpeg,Not same
1337,image_2690_mel.jpeg,Not same
1338,image_1222_mel.jpeg,Not same
1339,image_280_mel.jpeg,Not same
1340,image_3253_mel.jpeg,Not same
1341,image_1179_mel.jpeg,Not same
1342,image_1169_mel.jpeg,Not same
1343,image_1541_mel.jpeg,Not same
1344,image_2916_mel.jpeg,Not same
1345,image_982_mel.jpeg,Not same
1346,image_2141_mel.jpeg,Not same
1347,image_1230_mel.jpeg,Not same
1348,image_130_mel.jpeg,Not same
1349,image_3371_mel.jpeg,Not same
1350,image_51_mel.jpeg,Not same
1351,image_2335_mel.jpeg,Not same
1352,image_17_mel.jpeg,Not same
1353,image_314_mel.jpeg,Not same
1354,image_1984_mel.jpeg,Not same
1355,image_2961_mel.jpeg,Not same
1356,image_3358_mel.jpeg,Not same
1357,image_2490_mel.jpeg,Not same
1358,image_1188_mel.jpeg,Not same
1359,image_1445_mel.jpeg,Not same
1360,image_80_mel.jpeg,Not same
1361,image_2760_mel.jpeg,Not same
1362,image_3512_mel.jpeg,Not same
1363,image_840_mel.jpeg,Not same
1364,image_693_mel.jpeg,Not same
1365,image_237_mel.jpeg,Not same
1366,image_3001_mel.jpeg,Not same
1367,image_939_mel.jpeg,Not same
1368,image_1606_mel.jpeg,Not same
1369,image_3621_mel.jpeg,Not same
1370,image_3492_mel.jpeg,Not same
1371,image_1673_mel.jpeg,Not same
1372,image_617_mel.jpeg,Not same
1373,image_1485_mel.jpeg,Not same
1374,image_2975_mel.jpeg,Not same
1375,image_1096_mel.jpeg,Not same
1376,image_3548_mel.jpeg,Not same
1377,image_1788_mel.jpeg,Not same
1378,image_674_mel.jpeg,Not same
1379,image_537_mel.jpeg,Not same
1380,image_954_mel.jpeg,Not same
1381,image_525_mel.jpeg,Not same
1382,image_646_mel.jpeg,Not same
1383,image_1629_mel.jpeg,Not same
1384,image_167_mel.jpeg,Not same
1385,image_3640_mel.jpeg,Not same
1386,image_329_mel.jpeg,Not same
1387,image_3393_mel.jpeg,Not same
1388,image_3535_mel.jpeg,Not same
1389,image_2817_mel.jpeg,Not same
1390,image_2163_mel.jpeg,Not same
1391,image_1708_mel.jpeg,Not same
1392,image_1519_mel.jpeg,Not same
1393,image_2172_mel.jpeg,Not same
1394,image_2683_mel.jpeg,Not same
1395,image_1469_mel.jpeg,Not same
1396,image_247_mel.jpeg,Not same
1397,image_2040_mel.jpeg,Not same
1398,image_1992_mel.jpeg,Not same
1399,image_210_mel.jpeg,Not same
1400,image_1716_mel.jpeg,Not same
1401,image_1926_mel.jpeg,Not same
1402,image_173_mel.jpeg,Not same
1403,image_2057_mel.jpeg,Not same
1404,image_991_mel.jpeg,Not same
1405,image_699_mel.jpeg,Not same
1406,image_309_mel.jpeg,Not same
1407,image_1389_mel.jpeg,Not same
1408,image_1039_mel.jpeg,Not same
1409,image_719_mel.jpeg,Not same
1410,image_2193_mel.jpeg,Not same
1411,image_3545_mel.jpeg,Not same
1412,image_436_mel.jpeg,Not same
1413,image_2695_mel.jpeg,Not same
1414,image_3420_mel.jpeg,Not same
1415,image_140_mel.jpeg,Not same
1416,image_2025_mel.jpeg,Not same
1417,image_2023_mel.jpeg,Not same
1418,image_2365_mel.jpeg,Not same
1419,image_2026_mel.jpeg,Not same
1420,image_563_mel.jpeg,Not same
1421,image_1331_mel.jpeg,Not same
1422,image_2486_mel.jpeg,Not same
1423,image_3595_mel.jpeg,Not same
1424,image_2871_mel.jpeg,Not same
1425,image_3239_mel.jpeg,Not same
1426,image_118_mel.jpeg,Not same
1427,image_1399_mel.jpeg,Not same
1428,image_3326_mel.jpeg,Not same
1429,image_2389_mel.jpeg,Not same
1430,image_1517_mel.jpeg,Not same
1431,image_227_mel.jpeg,Not same
1432,image_284_mel.jpeg,Not same
1433,image_2778_mel.jpeg,Not same
1434,image_838_mel.jpeg,Not same
1435,image_1772_mel.jpeg,Not same
1436,image_747_mel.jpeg,Not same
1437,image_2203_mel.jpeg,Not same
1438,image_297_mel.jpeg,Not same
1439,image_941_mel.jpeg,Not same
1440,image_2371_mel.jpeg,Not same
1441,image_961_mel.jpeg,Not same
1442,image_2809_mel.jpeg,Not same
1443,image_3544_mel.jpeg,Not same
1444,image_25_mel.jpeg,Not same
1445,image_2947_mel.jpeg,Not same
1446,image_2337_mel.jpeg,Not same
1447,image_120_mel.jpeg,Not same
1448,image_3402_mel.jpeg,Not same
1449,image_347_mel.jpeg,Not same
1450,image_2965_mel.jpeg,Not same
1451,image_1918_mel.jpeg,Not same
1452,image_2951_mel.jpeg,Not same
1453,image_650_mel.jpeg,Not same
1454,image_1472_mel.jpeg,Not same
1455,image_134_mel.jpeg,Not same
1456,image_749_mel.jpeg,Not same
1457,image_53_mel.jpeg,Not same
1458,image_1413_mel.jpeg,Not same
1459,image_47_mel.jpeg,Not same
1460,image_1884_mel.jpeg,Not same
1461,image_752_mel.jpeg,Not same
1462,image_1739_mel.jpeg,Not same
1463,image_2587_mel.jpeg,Not same
1464,image_244_mel.jpeg,Not same
1465,image_2131_mel.jpeg,Not same
1466,image_2649_mel.jpeg,Not same
1467,image_2300_mel.jpeg,Not same
1468,image_1945_mel.jpeg,Not same
1469,image_207_mel.jpeg,Not same
1470,image_403_mel.jpeg,Not same
1471,image_190_mel.jpeg,Not same
1472,image_41_mel.jpeg,Not same
1473,image_3115_mel.jpeg,Not same
1474,image_963_mel.jpeg,Not same
1475,image_2420_mel.jpeg,Not same
1476,image_1674_mel.jpeg,Not same
1477,image_3635_mel.jpeg,Not same
1478,image_1114_mel.jpeg,Not same
1479,image_2295_mel.jpeg,Not same
1480,image_2030_mel.jpeg,Not same
1481,image_530_mel.jpeg,Not same
1482,image_1079_mel.jpeg,Not same
1483,image_1784_mel.jpeg,Not same
1484,image_1390_mel.jpeg,Not same
1485,image_1624_mel.jpeg,Not same
1486,image_1045_mel.jpeg,Not same
1487,image_1204_mel.jpeg,Not same
1488,image_825_mel.jpeg,Not same
1489,image_2827_mel.jpeg,Not same
1490,image_342_mel.jpeg,Not same
1491,image_1074_mel.jpeg,Not same
1492,image_985_mel.jpeg,Not same
1493,image_1933_mel.jpeg,Not same
1494,image_1069_mel.jpeg,Not same
1495,image_1276_mel.jpeg,Not same
1496,image_2939_mel.jpeg,Not same
1497,image_2005_mel.jpeg,Not same
1498,image_175_mel.jpeg,Not same
1499,image_1216_mel.jpeg,Not same
1500,image_3488_mel.jpeg,Not same
1501,image_3399_mel.jpeg,Not same
1502,image_2327_mel.jpeg,Not same
1503,image_1384_mel.jpeg,Not same
1504,image_2369_mel.jpeg,Not same
1505,image_2721_mel.jpeg,Not same
1506,image_2780_mel.jpeg,Not same
1507,image_3196_mel.jpeg,Not same
1508,image_821_mel.jpeg,Not same
1509,image_2303_mel.jpeg,Not same
1510,image_3557_mel.jpeg,Not same
1511,image_266_mel.jpeg,Not same
1512,image_3081_mel.jpeg,Not same
1513,image_2075_mel.jpeg,Not same
1514,image_2756_mel.jpeg,Not same
1515,image_2238_mel.jpeg,Not same
1516,image_1255_mel.jpeg,Not same
1517,image_2963_mel.jpeg,Not same
1518,image_452_mel.jpeg,Not same
1519,image_657_mel.jpeg,Not same
1520,image_1259_mel.jpeg,Not same
1521,image_2473_mel.jpeg,Not same
1522,image_2629_mel.jpeg,Not same
1523,image_1456_mel.jpeg,Not same
1524,image_1475_mel.jpeg,Not same
1525,image_1163_mel.jpeg,Not same
1526,image_1193_mel.jpeg,Not same
1527,image_2699_mel.jpeg,Not same
1528,image_2841_mel.jpeg,Not same
1529,image_1668_mel.jpeg,Not same
1530,image_587_mel.jpeg,Not same
1531,image_705_mel.jpeg,Not same
1532,image_929_mel.jpeg,Not same
1533,image_2060_mel.jpeg,Not same
1534,image_3440_mel.jpeg,Not same
1535,image_73_mel.jpeg,Not same
1536,image_328_mel.jpeg,Not same
1537,image_2762_mel.jpeg,Not same
1538,image_1162_mel.jpeg,Not same
1539,image_2251_mel.jpeg,Not same
1540,image_396_mel.jpeg,Not same
1541,image_2231_mel.jpeg,Not same
1542,image_2104_mel.jpeg,Not same
1543,image_1612_mel.jpeg,Not same
1544,image_171_mel.jpeg,Not same
1545,image_126_mel.jpeg,Not same
1546,image_3250_mel.jpeg,Not same
1547,image_799_mel.jpeg,Not same
1548,image_640_mel.jpeg,Not same
1549,image_2209_mel.jpeg,Not same
1550,image_1273_mel.jpeg,Not same
1551,image_661_mel.jpeg,Not same
1552,image_3379_mel.jpeg,Not same
1553,image_715_mel.jpeg,Not same
1554,image_3168_mel.jpeg,Not same
1555,image_2268_mel.jpeg,Not same
1556,image_1883_mel.jpeg,Not same
1557,image_2169_mel.jpeg,Not same
1558,image_251_mel.jpeg,Not same
1559,image_1805_mel.jpeg,Not same
1560,image_2049_mel.jpeg,Not same
1561,image_491_mel.jpeg,Not same
1562,image_63_mel.jpeg,Not same
1563,image_3546_mel.jpeg,Not same
1564,image_3268_mel.jpeg,Not same
1565,image_54_mel.jpeg,Not same
1566,image_374_mel.jpeg,Not same
1567,image_0_mel.jpeg,Not same
1568,image_2139_mel.jpeg,Not same
1569,image_238_mel.jpeg,Not same
1570,image_3260_mel.jpeg,Not same
1571,image_122_mel.jpeg,Not same
1572,image_58_mel.jpeg,Not same
1573,image_588_mel.jpeg,Not same
1574,image_3362_mel.jpeg,Not same
1575,image_536_mel.jpeg,Not same
1576,image_1972_mel.jpeg,Not same
1577,image_1443_mel.jpeg,Not same
1578,image_1279_mel.jpeg,Not same
1579,image_3040_mel.jpeg,Not same
1580,image_3583_mel.jpeg,Not same
1581,image_921_mel.jpeg,Not same
1582,image_776_mel.jpeg,Not same
1583,image_1080_mel.jpeg,Not same
1584,image_2909_mel.jpeg,Not same
1585,image_45_mel.jpeg,Not same
1586,image_1210_mel.jpeg,Not same
1587,image_2596_mel.jpeg,Not same
1588,image_243_mel.jpeg,Not same
1589,image_158_mel.jpeg,Not same
1590,image_3060_mel.jpeg,Not same
1591,image_2959_mel.jpeg,Not same
1592,image_1700_mel.jpeg,Not same
1593,image_2783_mel.jpeg,Not same
1594,image_2576_mel.jpeg,Not same
1595,image_1038_mel.jpeg,Not same
1596,image_1212_mel.jpeg,Not same
1597,image_3074_mel.jpeg,Not same
1598,image_642_mel.jpeg,Not same
1599,image_1036_mel.jpeg,Not same
1600,image_3415_mel.jpeg,Not same
1601,image_649_mel.jpeg,Not same
1602,image_551_mel.jpeg,Not same
1603,image_475_mel.jpeg,Not same
1604,image_2210_mel.jpeg,Not same
1605,image_2936_mel.jpeg,Not same
1606,image_655_mel.jpeg,Not same
1607,image_2158_mel.jpeg,Not same
1608,image_779_mel.jpeg,Not same
1609,image_1667_mel.jpeg,Not same
1610,image_2496_mel.jpeg,Not same
1611,image_2922_mel.jpeg,Not same
1612,image_1575_mel.jpeg,Not same
1613,image_3062_mel.jpeg,Not same
1614,image_3485_mel.jpeg,Not same
1615,image_33_mel.jpeg,Not same
1616,image_2377_mel.jpeg,Not same
1617,image_1740_mel.jpeg,Not same
1618,image_3269_mel.jpeg,Not same
1619,image_1359_mel.jpeg,Not same
1620,image_3244_mel.jpeg,Not same
1621,image_1090_mel.jpeg,Not same
1622,image_2285_mel.jpeg,Not same
1623,image_1101_mel.jpeg,Not same
1624,image_424_mel.jpeg,Not same
1625,image_3463_mel.jpeg,Not same
1626,image_391_mel.jpeg,Not same
1627,image_482_mel.jpeg,Not same
1628,image_3413_mel.jpeg,Not same
1629,image_2243_mel.jpeg,Not same
1630,image_2379_mel.jpeg,Not same
1631,image_2553_mel.jpeg,Not same
1632,image_1609_mel.jpeg,Not same
1633,image_1121_mel.jpeg,Not same
1634,image_1226_mel.jpeg,Not same
1635,image_708_mel.jpeg,Not same
1636,image_1295_mel.jpeg,Not same
1637,image_1146_mel.jpeg,Not same
1638,image_3323_mel.jpeg,Not same
1639,image_2382_mel.jpeg,Not same
1640,image_3554_mel.jpeg,Not same
1641,image_2663_mel.jpeg,Not same
1642,image_3333_mel.jpeg,Not same
1643,image_3318_mel.jpeg,Not same
1644,image_2893_mel.jpeg,Not same
1645,image_1685_mel.jpeg,Not same
1646,image_3041_mel.jpeg,Not same
1647,image_131_mel.jpeg,Not same
1648,image_1559_mel.jpeg,Not same
1649,image_1110_mel.jpeg,Not same
1650,image_3448_mel.jpeg,Not same
1651,image_3338_mel.jpeg,Not same
1652,image_2282_mel.jpeg,Not same
1653,image_1432_mel.jpeg,Not same
1654,image_1568_mel.jpeg,Not same
1655,image_892_mel.jpeg,Not same
1656,image_3180_mel.jpeg,Not same
1657,image_3147_mel.jpeg,Not same
1658,image_2281_mel.jpeg,Not same
1659,image_604_mel.jpeg,Not same
1660,image_625_mel.jpeg,Not same
1661,image_682_mel.jpeg,Not same
1662,image_1010_mel.jpeg,Not same
1663,image_1328_mel.jpeg,Not same
1664,image_300_mel.jpeg,Not same
1665,image_762_mel.jpeg,Not same
1666,image_2124_mel.jpeg,Not same
1667,image_3294_mel.jpeg,Not same
1668,image_748_mel.jpeg,Not same
1669,image_2046_mel.jpeg,Not same
1670,image_1999_mel.jpeg,Not same
1671,image_3573_mel.jpeg,Not same
1672,image_3394_mel.jpeg,Not same
1673,image_903_mel.jpeg,Not same
1674,image_3252_mel.jpeg,Not same
1675,image_549_mel.jpeg,Not same
1676,image_1514_mel.jpeg,Not same
1677,image_2818_mel.jpeg,Not same
1678,image_1467_mel.jpeg,Not same
1679,image_801_mel.jpeg,Not same
1680,image_2919_mel.jpeg,Not same
1681,image_1782_mel.jpeg,Not same
1682,image_2548_mel.jpeg,Not same
1683,image_1915_mel.jpeg,Not same
1684,image_3534_mel.jpeg,Not same
1685,image_934_mel.jpeg,Not same
1686,image_2066_mel.jpeg,Not same
1687,image_3261_mel.jpeg,Not same
1688,image_428_mel.jpeg,Not same
1689,image_2350_mel.jpeg,Not same
1690,image_2412_mel.jpeg,Not same
1691,image_334_mel.jpeg,Not same
1692,image_579_mel.jpeg,Not same
1693,image_2880_mel.jpeg,Not same
1694,image_2352_mel.jpeg,Not same
1695,image_1814_mel.jpeg,Not same
1696,image_2966_mel.jpeg,Not same
1697,image_35_mel.jpeg,Not same
1698,image_3499_mel.jpeg,Not same
1699,image_3241_mel.jpeg,Not same
1700,image_2150_mel.jpeg,Not same
1701,image_1507_mel.jpeg,Not same
1702,image_843_mel.jpeg,Not same
1703,image_2901_mel.jpeg,Not same
1704,image_444_mel.jpeg,Not same
1705,image_3090_mel.jpeg,Not same
1706,image_2036_mel.jpeg,Not same
1707,image_2240_mel.jpeg,Not same
1708,image_1190_mel.jpeg,Not same
1709,image_1157_mel.jpeg,Not same
1710,image_2204_mel.jpeg,Not same
1711,image_2840_mel.jpeg,Not same
1712,image_1797_mel.jpeg,Not same
1713,image_308_mel.jpeg,Not same
1714,image_1265_mel.jpeg,Not same
1715,image_1268_mel.jpeg,Not same
1716,image_2464_mel.jpeg,Not same
1717,image_1553_mel.jpeg,Not same
1718,image_2456_mel.jpeg,Not same
1719,image_413_mel.jpeg,Not same
1720,image_2626_mel.jpeg,Not same
1721,image_2865_mel.jpeg,Not same
1722,image_842_mel.jpeg,Not same
1723,image_303_mel.jpeg,Not same
1724,image_837_mel.jpeg,Not same
1725,image_3422_mel.jpeg,Not same
1726,image_1187_mel.jpeg,Not same
1727,image_3154_mel.jpeg,Not same
1728,image_1427_mel.jpeg,Not same
1729,image_3373_mel.jpeg,Not same
1730,image_224_mel.jpeg,Not same
1731,image_878_mel.jpeg,Not same
1732,image_1283_mel.jpeg,Not same
1733,image_1611_mel.jpeg,Not same
1734,image_897_mel.jpeg,Not same
1735,image_14_mel.jpeg,Not same
1736,image_1831_mel.jpeg,Not same
1737,image_1136_mel.jpeg,Not same
1738,image_2308_mel.jpeg,Not same
1739,image_977_mel.jpeg,Not same
1740,image_2757_mel.jpeg,Not same
1741,image_722_mel.jpeg,Not same
1742,image_2223_mel.jpeg,Not same
1743,image_337_mel.jpeg,Not same
1744,image_1671_mel.jpeg,Not same
1745,image_2234_mel.jpeg,Not same
1746,image_259_mel.jpeg,Not same
1747,image_2019_mel.jpeg,Not same
1748,image_2360_mel.jpeg,Not same
1749,image_2269_mel.jpeg,Not same
1750,image_2730_mel.jpeg,Not same
1751,image_1621_mel.jpeg,Not same
1752,image_1195_mel.jpeg,Not same
1753,image_678_mel.jpeg,Not same
1754,image_2785_mel.jpeg,Not same
1755,image_371_mel.jpeg,Not same
1756,image_826_mel.jpeg,Not same
1757,image_3070_mel.jpeg,Not same
1758,image_2120_mel.jpeg,Not same
1759,image_1853_mel.jpeg,Not same
1760,image_927_mel.jpeg,Not same
1761,image_36_mel.jpeg,Not same
1762,image_689_mel.jpeg,Not same
1763,image_498_mel.jpeg,Not same
1764,image_2095_mel.jpeg,Not same
1765,image_2791_mel.jpeg,Not same
1766,image_276_mel.jpeg,Not same
1767,image_3516_mel.jpeg,Not same
1768,image_1802_mel.jpeg,Not same
1769,image_738_mel.jpeg,Not same
1770,image_1053_mel.jpeg,Not same
1771,image_1314_mel.jpeg,Not same
1772,image_458_mel.jpeg,Not same
1773,image_3263_mel.jpeg,Not same
1774,image_2334_mel.jpeg,Not same
1775,image_2556_mel.jpeg,Not same
1776,image_2332_mel.jpeg,Not same
1777,image_2068_mel.jpeg,Not same
1778,image_2851_mel.jpeg,Not same
1779,image_1198_mel.jpeg,Not same
1780,image_2410_mel.jpeg,Not same
1781,image_2443_mel.jpeg,Not same
1782,image_143_mel.jpeg,Not same
1783,image_2260_mel.jpeg,Not same
1784,image_1052_mel.jpeg,Not same
1785,image_384_mel.jpeg,Not same
1786,image_3606_mel.jpeg,Not same
1787,image_3032_mel.jpeg,Not same
1788,image_3435_mel.jpeg,Not same
1789,image_2148_mel.jpeg,Not same
1790,image_1684_mel.jpeg,Not same
1791,image_2773_mel.jpeg,Not same
1792,image_744_mel.jpeg,Not same
1793,image_555_mel.jpeg,Not same
1794,image_1921_mel.jpeg,Not same
1795,image_2707_mel.jpeg,Not same
1796,image_1835_mel.jpeg,Not same
1797,image_1854_mel.jpeg,Not same
1798,image_1462_mel.jpeg,Not same
1799,image_2235_mel.jpeg,Not same
1800,image_3210_mel.jpeg,Not same
1801,image_1063_mel.jpeg,Not same
1802,image_3237_mel.jpeg,Not same
1803,image_2014_mel.jpeg,Not same
1804,image_3219_mel.jpeg,Not same
1805,image_1392_mel.jpeg,Not same
1806,image_3517_mel.jpeg,Not same
1807,image_1167_mel.jpeg,Not same
1808,image_1184_mel.jpeg,Not same
1809,image_3265_mel.jpeg,Not same
1810,image_1522_mel.jpeg,Not same
1811,image_2468_mel.jpeg,Not same
1812,image_2400_mel.jpeg,Not same
1813,image_3131_mel.jpeg,Not same
1814,image_594_mel.jpeg,Not same
1815,image_3014_mel.jpeg,Not same
1816,image_2415_mel.jpeg,Not same
1817,image_2570_mel.jpeg,Not same
1818,image_1292_mel.jpeg,Not same
1819,image_1827_mel.jpeg,Not same
1820,image_1600_mel.jpeg,Not same
1821,image_559_mel.jpeg,Not same
1822,image_2423_mel.jpeg,Not same
1823,image_2949_mel.jpeg,Not same
1824,image_2041_mel.jpeg,Not same
1825,image_1527_mel.jpeg,Not same
1826,image_3596_mel.jpeg,Not same
1827,image_1083_mel.jpeg,Not same
1828,image_1118_mel.jpeg,Not same
1829,image_3455_mel.jpeg,Not same
1830,image_2418_mel.jpeg,Not same
1831,image_2630_mel.jpeg,Not same
1832,image_2933_mel.jpeg,Not same
1833,image_584_mel.jpeg,Not same
1834,image_2662_mel.jpeg,Not same
1835,image_764_mel.jpeg,Not same
1836,image_2698_mel.jpeg,Not same
1837,image_3096_mel.jpeg,Not same
1838,image_2125_mel.jpeg,Not same
1839,image_2385_mel.jpeg,Not same
1840,image_2110_mel.jpeg,Not same
1841,image_16_mel.jpeg,Not same
1842,image_1978_mel.jpeg,Not same
1843,image_1954_mel.jpeg,Not same
1844,image_1640_mel.jpeg,Not same
1845,image_2968_mel.jpeg,Not same
1846,image_3457_mel.jpeg,Not same
1847,image_778_mel.jpeg,Not same
1848,image_2797_mel.jpeg,Not same
1849,image_1228_mel.jpeg,Not same
1850,image_1410_mel.jpeg,Not same
1851,image_3005_mel.jpeg,Not same
1852,image_2355_mel.jpeg,Not same
1853,image_2050_mel.jpeg,Not same
1854,image_2488_mel.jpeg,Not same
1855,image_3605_mel.jpeg,Not same
1856,image_3363_mel.jpeg,Not same
1857,image_479_mel.jpeg,Not same
1858,image_634_mel.jpeg,Not same
1859,image_1281_mel.jpeg,Not same
1860,image_139_mel.jpeg,Not same
1861,image_909_mel.jpeg,Not same
1862,image_702_mel.jpeg,Not same
1863,image_2750_mel.jpeg,Not same
1864,image_3178_mel.jpeg,Not same
1865,image_864_mel.jpeg,Not same
1866,image_3144_mel.jpeg,Not same
1867,image_1012_mel.jpeg,Not same
1868,image_883_mel.jpeg,Not same
1869,image_616_mel.jpeg,Not same
1870,image_949_mel.jpeg,Not same
1871,image_847_mel.jpeg,Not same
1872,image_569_mel.jpeg,Not same
1873,image_3531_mel.jpeg,Not same
1874,image_386_mel.jpeg,Not same
1875,image_930_mel.jpeg,Not same
1876,image_1450_mel.jpeg,Not same
1877,image_2216_mel.jpeg,Not same
1878,image_3391_mel.jpeg,Not same
1879,image_1580_mel.jpeg,Not same
1880,image_2837_mel.jpeg,Not same
1881,image_3551_mel.jpeg,Not same
1882,image_3550_mel.jpeg,Not same
1883,image_2237_mel.jpeg,Not same
1884,image_1886_mel.jpeg,Not same
1885,image_1869_mel.jpeg,Not same
1886,image_206_mel.jpeg,Not same
1887,image_144_mel.jpeg,Not same
1888,image_3560_mel.jpeg,Not same
1889,image_305_mel.jpeg,Not same
1890,image_2843_mel.jpeg,Not same
1891,image_1041_mel.jpeg,Not same
1892,image_1812_mel.jpeg,Not same
1893,image_3273_mel.jpeg,Not same
1894,image_1299_mel.jpeg,Not same
1895,image_932_mel.jpeg,Not same
1896,image_1949_mel.jpeg,Not same
1897,image_3233_mel.jpeg,Not same
1898,image_2616_mel.jpeg,Not same
1899,image_1688_mel.jpeg,Not same
1900,image_3245_mel.jpeg,Not same
1901,image_2878_mel.jpeg,Not same
1902,image_1159_mel.jpeg,Not same
1903,image_3608_mel.jpeg,Not same
1904,image_91_mel.jpeg,Not same
1905,image_578_mel.jpeg,Not same
1906,image_2727_mel.jpeg,Not same
1907,image_637_mel.jpeg,Not same
1908,image_2971_mel.jpeg,Not same
1909,image_1817_mel.jpeg,Not same
1910,image_1515_mel.jpeg,Not same
1911,image_1487_mel.jpeg,Not same
1912,image_757_mel.jpeg,Not same
1913,image_686_mel.jpeg,Not same
1914,image_2709_mel.jpeg,Not same
1915,image_2533_mel.jpeg,Not same
1916,image_1378_mel.jpeg,Not same
1917,image_1447_mel.jpeg,Not same
1918,image_1215_mel.jpeg,Not same
1919,image_3566_mel.jpeg,Not same
1920,image_157_mel.jpeg,Not same
1921,image_148_mel.jpeg,Not same
1922,image_1298_mel.jpeg,Not same
1923,image_6_mel.jpeg,Not same
1924,image_609_mel.jpeg,Not same
1925,image_2671_mel.jpeg,Not same
1926,image_984_mel.jpeg,Not same
1927,image_74_mel.jpeg,Not same
1928,image_532_mel.jpeg,Not same
1929,image_3164_mel.jpeg,Not same
1930,image_2855_mel.jpeg,Not same
1931,image_1266_mel.jpeg,Not same
1932,image_138_mel.jpeg,Not same
1933,image_1955_mel.jpeg,Not same
1934,image_3607_mel.jpeg,Not same
1935,image_1956_mel.jpeg,Not same
1936,image_2457_mel.jpeg,Not same
1937,image_1221_mel.jpeg,Not same
1938,image_1846_mel.jpeg,Not same
1939,image_40_mel.jpeg,Not same
1940,image_3593_mel.jpeg,Not same
1941,image_2860_mel.jpeg,Not same
1942,image_721_mel.jpeg,Not same
1943,image_2557_mel.jpeg,Not same
1944,image_636_mel.jpeg,Not same
1945,image_94_mel.jpeg,Not same
1946,image_2381_mel.jpeg,Not same
1947,image_1483_mel.jpeg,Not same
1948,image_2015_mel.jpeg,Not same
1949,image_2368_mel.jpeg,Not same
1950,image_2401_mel.jpeg,Not same
1951,image_166_mel.jpeg,Not same
1952,image_519_mel.jpeg,Not same
1953,image_2324_mel.jpeg,Not same
1954,image_2821_mel.jpeg,Not same
1955,image_2583_mel.jpeg,Not same
1956,image_677_mel.jpeg,Not same
1957,image_46_mel.jpeg,Not same
1958,image_1305_mel.jpeg,Not same
1959,image_3018_mel.jpeg,Not same
1960,image_1638_mel.jpeg,Not same
1961,image_1381_mel.jpeg,Not same
1962,image_1968_mel.jpeg,Not same
1963,image_3025_mel.jpeg,Not same
1964,image_641_mel.jpeg,Not same
1965,image_2264_mel.jpeg,Not same
1966,image_3462_mel.jpeg,Not same
1967,image_1459_mel.jpeg,Not same
1968,image_3498_mel.jpeg,Not same
1969,image_404_mel.jpeg,Not same
1970,image_1460_mel.jpeg,Not same
1971,image_1761_mel.jpeg,Not same
1972,image_658_mel.jpeg,Not same
1973,image_2598_mel.jpeg,Not same
1974,image_2137_mel.jpeg,Not same
1975,image_1697_mel.jpeg,Not same
1976,image_2876_mel.jpeg,Not same
1977,image_1229_mel.jpeg,Not same
1978,image_876_mel.jpeg,Not same
1979,image_3341_mel.jpeg,Not same
1980,image_2454_mel.jpeg,Not same
1981,image_1704_mel.jpeg,Not same
1982,image_2768_mel.jpeg,Not same
1983,image_1540_mel.jpeg,Not same
1984,image_2781_mel.jpeg,Not same
1985,image_1755_mel.jpeg,Not same
1986,image_900_mel.jpeg,Not same
1987,image_3364_mel.jpeg,Not same
1988,image_1734_mel.jpeg,Not same
1989,image_1309_mel.jpeg,Not same
1990,image_2726_mel.jpeg,Not same
1991,image_3121_mel.jpeg,Not same
1992,image_2000_mel.jpeg,Not same
1993,image_782_mel.jpeg,Not same
1994,image_1002_mel.jpeg,Not same
1995,image_3099_mel.jpeg,Not same
1996,image_3286_mel.jpeg,Not same
1997,image_405_mel.jpeg,Not same
1998,image_727_mel.jpeg,Not same
1999,image_3599_mel.jpeg,Not same
2000,image_2846_mel.jpeg,Not same
2001,image_124_mel.jpeg,Not same
2002,image_1775_mel.jpeg,Not same
2003,image_2960_mel.jpeg,Not same
2004,image_543_mel.jpeg,Not same
2005,image_133_mel.jpeg,Not same
2006,image_645_mel.jpeg,Not same
2007,image_2361_mel.jpeg,Not same
2008,image_455_mel.jpeg,Not same
2009,image_2938_mel.jpeg,Not same
2010,image_1270_mel.jpeg,Not same
2011,image_955_mel.jpeg,Not same
2012,image_884_mel.jpeg,Not same
2013,image_261_mel.jpeg,Not same
2014,image_262_mel.jpeg,Not same
2015,image_3389_mel.jpeg,Not same
2016,image_1315_mel.jpeg,Not same
2017,image_2915_mel.jpeg,Not same
2018,image_1862_mel.jpeg,Not same
2019,image_2507_mel.jpeg,Not same
2020,image_2080_mel.jpeg,Not same
2021,image_150_mel.jpeg,Not same
2022,image_2592_mel.jpeg,Not same
2023,image_769_mel.jpeg,Not same
2024,image_1648_mel.jpeg,Not same
2025,image_1744_mel.jpeg,Not same
2026,image_1371_mel.jpeg,Not same
2027,image_1493_mel.jpeg,Not same
2028,image_1789_mel.jpeg,Not same
2029,image_585_mel.jpeg,Not same
2030,image_812_mel.jpeg,Not same
2031,image_1675_mel.jpeg,Not same
2032,image_1885_mel.jpeg,Not same
2033,image_2751_mel.jpeg,Not same
2034,image_1354_mel.jpeg,Not same
2035,image_3449_mel.jpeg,Not same
2036,image_2191_mel.jpeg,Not same
2037,image_2554_mel.jpeg,Not same
2038,image_3113_mel.jpeg,Not same
2039,image_3628_mel.jpeg,Not same
2040,image_471_mel.jpeg,Not same
2041,image_1082_mel.jpeg,Not same
2042,image_2004_mel.jpeg,Not same
2043,image_1304_mel.jpeg,Not same
2044,image_1906_mel.jpeg,Not same
2045,image_2162_mel.jpeg,Not same
2046,image_2713_mel.jpeg,Not same
2047,image_621_mel.jpeg,Not same
2048,image_681_mel.jpeg,Not same
2049,image_442_mel.jpeg,Not same
2050,image_77_mel.jpeg,Not same
2051,image_2188_mel.jpeg,Not same
2052,image_2723_mel.jpeg,Not same
2053,image_1308_mel.jpeg,Not same
2054,image_1009_mel.jpeg,Not same
2055,image_2476_mel.jpeg,Not same
2056,image_937_mel.jpeg,Not same
2057,image_1028_mel.jpeg,Not same
2058,image_836_mel.jpeg,Not same
2059,image_1027_mel.jpeg,Not same
2060,image_517_mel.jpeg,Not same
2061,image_3082_mel.jpeg,Not same
2062,image_216_mel.jpeg,Not same
2063,image_29_mel.jpeg,Not same
2064,image_2591_mel.jpeg,Not same
2065,image_704_mel.jpeg,Not same
2066,image_755_mel.jpeg,Not same
2067,image_882_mel.jpeg,Not same
2068,image_610_mel.jpeg,Not same
2069,image_817_mel.jpeg,Not same
2070,image_1676_mel.jpeg,Not same
2071,image_2560_mel.jpeg,Not same
2072,image_3648_mel.jpeg,Not same
2073,image_639_mel.jpeg,Not same
2074,image_3571_mel.jpeg,Not same
2075,image_196_mel.jpeg,Not same
2076,image_1209_mel.jpeg,Not same
2077,image_819_mel.jpeg,Not same
2078,image_2258_mel.jpeg,Not same
2079,image_2609_mel.jpeg,Not same
2080,image_2136_mel.jpeg,Not same
2081,image_313_mel.jpeg,Not same
2082,image_1100_mel.jpeg,Not same
2083,image_2149_mel.jpeg,Not same
2084,image_577_mel.jpeg,Not same
2085,image_2866_mel.jpeg,Not same
2086,image_663_mel.jpeg,Not same
2087,image_952_mel.jpeg,Not same
2088,image_2074_mel.jpeg,Not same
2089,image_1011_mel.jpeg,Not same
2090,image_3079_mel.jpeg,Not same
2091,image_3447_mel.jpeg,Not same
2092,image_2307_mel.jpeg,Not same
2093,image_1768_mel.jpeg,Not same
2094,image_2227_mel.jpeg,Not same
2095,image_1811_mel.jpeg,Not same
2096,image_2347_mel.jpeg,Not same
2097,image_32_mel.jpeg,Not same
2098,image_3053_mel.jpeg,Not same
2099,image_1021_mel.jpeg,Not same
2100,image_1346_mel.jpeg,Not same
2101,image_1075_mel.jpeg,Not same
2102,image_493_mel.jpeg,Not same
2103,image_2405_mel.jpeg,Not same
2104,image_1434_mel.jpeg,Not same
2105,image_1059_mel.jpeg,Not same
2106,image_2489_mel.jpeg,Not same
2107,image_2346_mel.jpeg,Not same
2108,image_2537_mel.jpeg,Not same
2109,image_3043_mel.jpeg,Not same
2110,image_3480_mel.jpeg,Not same
2111,image_2914_mel.jpeg,Not same
2112,image_1985_mel.jpeg,Not same
2113,image_889_mel.jpeg,Not same
2114,image_42_mel.jpeg,Not same
2115,image_2872_mel.jpeg,Not same
2116,image_2228_mel.jpeg,Not same
2117,image_1749_mel.jpeg,Not same
2118,image_2645_mel.jpeg,Not same
2119,image_2109_mel.jpeg,Not same
2120,image_2246_mel.jpeg,Not same
2121,image_3311_mel.jpeg,Not same
2122,image_1474_mel.jpeg,Not same
2123,image_2429_mel.jpeg,Not same
2124,image_483_mel.jpeg,Not same
2125,image_1008_mel.jpeg,Not same
2126,image_1780_mel.jpeg,Not same
2127,image_3555_mel.jpeg,Not same
2128,image_2719_mel.jpeg,Not same
2129,image_849_mel.jpeg,Not same
2130,image_3496_mel.jpeg,Not same
2131,image_426_mel.jpeg,Not same
2132,image_2656_mel.jpeg,Not same
2133,image_1660_mel.jpeg,Not same
2134,image_1996_mel.jpeg,Not same
2135,image_2458_mel.jpeg,Not same
2136,image_833_mel.jpeg,Not same
2137,image_2076_mel.jpeg,Not same
2138,image_3110_mel.jpeg,Not same
2139,image_344_mel.jpeg,Not same
2140,image_333_mel.jpeg,Not same
2141,image_3293_mel.jpeg,Not same
2142,image_3015_mel.jpeg,Not same
2143,image_2492_mel.jpeg,Not same
2144,image_740_mel.jpeg,Not same
2145,image_3381_mel.jpeg,Not same
2146,image_1001_mel.jpeg,Not same
2147,image_141_mel.jpeg,Not same
2148,image_2403_mel.jpeg,Not same
2149,image_1401_mel.jpeg,Not same
2150,image_142_mel.jpeg,Not same
2151,image_1468_mel.jpeg,Not same
2152,image_3194_mel.jpeg,Not same
2153,image_1269_mel.jpeg,Not same
2154,image_2485_mel.jpeg,Not same
2155,image_1007_mel.jpeg,Not same
2156,image_2597_mel.jpeg,Not same
2157,image_2208_mel.jpeg,Not same
2158,image_2427_mel.jpeg,Not same
2159,image_3306_mel.jpeg,Not same
2160,image_2167_mel.jpeg,Not same
2161,image_2678_mel.jpeg,Not same
2162,image_2422_mel.jpeg,Not same
2163,image_1879_mel.jpeg,Not same
2164,image_3126_mel.jpeg,Not same
2165,image_2668_mel.jpeg,Not same
2166,image_630_mel.jpeg,Not same
2167,image_1097_mel.jpeg,Not same
2168,image_433_mel.jpeg,Not same
2169,image_2402_mel.jpeg,Not same
2170,image_3128_mel.jpeg,Not same
2171,image_2511_mel.jpeg,Not same
2172,image_2348_mel.jpeg,Not same
2173,image_1327_mel.jpeg,Not same
2174,image_429_mel.jpeg,Not same
2175,image_3137_mel.jpeg,Not same
2176,image_2664_mel.jpeg,Not same
2177,image_1233_mel.jpeg,Not same
2178,image_2275_mel.jpeg,Not same
2179,image_3470_mel.jpeg,Not same
2180,image_1319_mel.jpeg,Not same
2181,image_23_mel.jpeg,Not same
2182,image_3428_mel.jpeg,Not same
2183,image_165_mel.jpeg,Not same
2184,image_2043_mel.jpeg,Not same
2185,image_105_mel.jpeg,Not same
2186,image_1958_mel.jpeg,Not same
2187,image_1989_mel.jpeg,Not same
2188,image_1735_mel.jpeg,Not same
2189,image_1776_mel.jpeg,Not same
2190,image_1368_mel.jpeg,Not same
2191,image_2991_mel.jpeg,Not same
2192,image_96_mel.jpeg,Not same
2193,image_1756_mel.jpeg,Not same
2194,image_1257_mel.jpeg,Not same
2195,image_2362_mel.jpeg,Not same
2196,image_923_mel.jpeg,Not same
2197,image_2904_mel.jpeg,Not same
2198,image_97_mel.jpeg,Not same
2199,image_2378_mel.jpeg,Not same
2200,image_2344_mel.jpeg,Not same
2201,image_2351_mel.jpeg,Not same
2202,image_1407_mel.jpeg,Not same
2203,image_1614_mel.jpeg,Not same
2204,image_1758_mel.jpeg,Not same
2205,image_931_mel.jpeg,Not same
2206,image_3184_mel.jpeg,Not same
2207,image_2828_mel.jpeg,Not same
2208,image_1153_mel.jpeg,Not same
2209,image_271_mel.jpeg,Not same
2210,image_3637_mel.jpeg,Not same
2211,image_450_mel.jpeg,Not same
2212,image_3103_mel.jpeg,Not same
2213,image_3125_mel.jpeg,Not same
2214,image_3622_mel.jpeg,Not same
2215,image_1386_mel.jpeg,Not same
2216,image_2844_mel.jpeg,Not same
2217,image_2883_mel.jpeg,Not same
2218,image_2660_mel.jpeg,Not same
2219,image_2470_mel.jpeg,Not same
2220,image_827_mel.jpeg,Not same
2221,image_1056_mel.jpeg,Not same
2222,image_1746_mel.jpeg,Not same
2223,image_2416_mel.jpeg,Not same
2224,image_240_mel.jpeg,Not same
2225,image_994_mel.jpeg,Not same
2226,image_2929_mel.jpeg,Not same
2227,image_669_mel.jpeg,Not same
2228,image_28_mel.jpeg,Not same
2229,image_4_mel.jpeg,Not same
2230,image_472_mel.jpeg,Not same
2231,image_2724_mel.jpeg,Not same
